"","LLgeneID","EnsemblID","LLgeneSymbol","logFC","Fold_change","PValue","FDR","wt_1","wt_2","wt_3","wt_4","iqgap1_mut_1","iqgap1_mut_2","iqgap1_mut_3","iqgap1_mut_4"
"LL0000024247","LL0000024247","ENSDARG00000079645","sc:d217",6.09208084912146,68.2180139619671,3.17753071312433e-12,3.66697954271245e-10,1.95675054122912,10.7697850337869,0,0,96.2068021560814,283.981215610955,192.297901965275,246.949259720887
"LL0000002779","LL0000002779","ENSDARG00000092358","BX469930.1",6.0824007659576,67.7618222003577,2.49892484362793e-135,6.71935901203113e-131,21.8037144370287,31.4175338290953,15.1422474894361,17.1457239291551,1194.53320310174,1148.13316381889,1023.25685748743,1545.74982387977
"LL0000002298","LL0000002298","ENSDARG00000094215","BX005417.1",5.52995111500549,46.2041686252224,3.96704580798221e-30,3.55566315769445e-27,2.40624076281155,2.40851747135186,2.93512581184369,0,52.8746351330323,75.2202970578141,82.0964711731895,114.135843804937
"LL0000002839","LL0000002839","ENSDARG00000092739","BX510917.1",4.99734494461246,31.9411631436431,5.6719591396668e-38,8.0270162792895e-35,2.41594285855892,4.38088488688568,0,4.8082018094418,79.8992748689226,78.9119753799461,57.8317622460268,112.044927206053
"LL0000039199","LL0000039199","ENSDARG00000068846","zgc:66024",4.83188811176716,28.4802145950096,1.02478382270122e-16,2.11964709297024e-14,0,0.986099125942415,1.00709997399671,0,15.3780441666582,13.0883388772177,14.501917432992,18.5891301416767
"LL0000026672","LL0000026672","","si:dkey-117j14.6",4.69471996690489,25.8971237024376,3.71670151944071e-06,0.000123076831473204,1.99405794851348,2.72585939442231,0,0,7.36782770772195,26.6802936296591,59.5862833778431,11.6655526598988
"LL0000013846","LL0000013846","ENSDARG00000117514","LO018315.7",4.45426511018811,21.921355585973,3.12984683363641e-05,0.000813911523304153,0,1.03657713956916,0,0.293721410012371,6.25186845847491,2.15519394435296,4.01863829839465,23.0875703088762
"LL0000003530","LL0000003530","ENSDARG00000093309","BX890559.1",4.36499184434288,20.6059895847113,2.52456506647549e-23,1.06067234488218e-20,0,2.30495463498945,3.60871436444246,0,34.9489096370425,25.8780259077552,18.1519831387645,32.3539123221707
"LL0000008069","LL0000008069","ENSDARG00000114045","CU571061.1",4.3400566214985,20.2529003541558,1.17111994417927e-08,7.47986797601815e-07,3.02038589474254,2.54063024404205,1.08599655038216,4.77786826953457,8.59878437821786,90.2059446708851,57.5637366233887,47.9794977999736
"LL0000024352","LL0000024352","ENSDARG00000055712","sdhda",4.15375839619347,17.7994208641833,2.56421924638936e-08,1.51176258621273e-06,1.00215418912585,0,0,1.01625209761682,14.6756290592184,5.87442820024743,10.8470903853666,6.04259984398025
"LL0000028789","LL0000028789","ENSDARG00000074136","slc47a2.2",3.96810704923232,15.6501767888645,4.04908568088556e-11,3.82020578502918e-09,0,0,1.54086296021496,1.00215418912585,12.2204190977711,12.7963682407259,7.35766518674578,8.61948613411429
"LL0000039147","LL0000039147","ENSDARG00000076264","zgc:195170",3.92705756780078,15.2111525775619,1.71804738363464e-11,1.73020884264239e-09,1.01625209761682,0.978375270614562,0.979071366707904,0.986099125942415,20.1419994799342,9.01938770213263,10.2520294444388,20.1359059649502
"LL0000020272","LL0000020272","ENSDARG00000114540","nfr",3.90824112645014,15.014048324086,1.97193428924292e-49,5.89148234482809e-46,8.20162355555105,4.02718119299005,7.11376468331774,5.87025162368737,80.2838520700481,80.860128327278,75.5324980497531,87.1874144539488
"LL0000006848","LL0000006848","ENSDARG00000095509","CR759885.1",3.90563782296792,14.9869803163215,1.86053084020131e-27,1.25069534405433e-24,2.01419994799342,2.0043083782517,2.05040588888776,3.02038589474254,32.5200671237383,33.2647592008951,22.5186414342818,32.5412711560997
"LL0000004122","LL0000004122","ENSDARG00000117734","CABZ01044023.1",3.86769572838702,14.597968707261,2.11797722574775e-05,0.000582909822140545,6.04077178948507,7.11376468331774,0,0.979071366707904,6.90269388159691,49.3478987258387,63.1357139149284,59.4617707777451
"LL0000024791","LL0000024791","ENSDARG00000074085","si:ch1073-188e1.1",3.85347267256423,14.4547592233991,5.7281414016707e-10,4.61149683082406e-08,0,4.50199679244251,9.25543006001376,6.9611974172932,34.3556935478338,56.7903675336744,100.215418912585,59.4002586010785
"LL0000027493","LL0000027493","","si:dkey-27n6.9",3.8017207070067,13.9454318590532,1.84689501091311e-21,6.05623901810275e-19,7.88559279639422,0,12.4152076572154,5.39642279860666,84.0033983890064,103.932804997385,50.4221753854571,65.6643407965054
"LL0000004327","LL0000004327","ENSDARG00000117241","CABZ01067657.1",3.79460633198261,13.876831908359,2.68278025931281e-05,0.00071071210239076,16.1135995839473,28.0603172955238,1.06621106222164,6.52403353264388,23.3737982451869,162.273322384131,213.437557942323,198.866610728807
"LL0000027172","LL0000027172","ENSDARG00000092500","si:dkey-222h21.1",3.7796326597323,13.7335496893991,3.20580007048992e-09,2.25656434804721e-07,1.06706470249766,0.978375270614562,1.32174634505567,0,7.23097781329636,14.2105464018045,7.90431470166232,16.8537532926633
"LL0000025680","LL0000025680","ENSDARG00000105573","si:ch211-226l4.6",3.77490073110439,13.6885784954217,3.42199704700255e-11,3.25138086914669e-09,0,2.01419994799342,6.01292513475509,2.05040588888776,21.1427012631978,24.3900503428037,24.4593817653641,49.9326397021031
"LL0000002868","LL0000002868","ENSDARG00000096638","BX510992.2",3.69150286664219,12.9197197125233,7.26385699324594e-12,7.87571978594314e-10,0,1.22866196827598,1.00215418912585,2.50149518444307,11.0445444217752,19.7965908615757,12.1905558718574,13.6384641382411
"LL0000025014","LL0000025014","","si:ch211-127b16.6",3.66694877383722,12.7016918844924,1.48911113593401e-09,1.1247390262396e-07,1.00679529824751,1.09755226542617,0,1.46860705006186,13.8152487544532,9.64801775088846,13.1683060451136,7.51473758277365
"LL0000005123","LL0000005123","ENSDARG00000101040","ccl20a.3",3.66388205146526,12.6747207018484,3.05853807963126e-07,1.34653840906116e-05,0.979071366707904,0.986099125942415,0,0,6.15121766666329,5.03397649123756,7.11376468331774,8.80537743553106
"LL0000003576","LL0000003576","ENSDARG00000094331","BX901918.1",3.56735374050491,11.8544246644171,3.39863981217544e-38,5.07700143942141e-35,6.92488544685961,11.1337039766605,19.3506056323172,26.3819044541327,184.472657274376,169.653486423146,138.892061888989,138.385607426888
"LL0000002355","LL0000002355","ENSDARG00000117713","BX088603.3",3.56090847651012,11.8015829493553,0.000748735443093928,0.0118219303167074,1.01625209761682,0,0.979071366707904,0,1.00709997399671,2.0043083782517,11.1234519472161,9.73571053405344
"LL0000026347","LL0000026347","ENSDARG00000103330","si:ch73-236c18.5",3.5245693481098,11.5080329203038,2.70730237496075e-06,9.28528744391833e-05,1.07484804727723,0.362555990638815,15.4832822219944,20.698847448322,75.1069292492644,89.8874980342078,68.4373501794886,124.038551448224
"LL0000024884","LL0000024884","ENSDARG00000077504","si:ch211-103n10.5",3.49043032766175,11.2389108528701,2.71052282896924e-22,9.8490876146154e-20,4.06500839046728,8.80537743553106,8.81164230037114,0.986099125942415,78.5537979717432,48.1034010780407,47.1593354444185,55.3737414036132
"LL0000025248","LL0000025248","ENSDARG00000079221","si:ch211-162k9.6",3.47046448015327,11.0844438416293,2.533394203678e-06,8.82389076977949e-05,1.64367045463246,0.401419260350241,0,0,8.92919382511131,6.2332339022188,2.37603690386413,7.4796154384598
"LL0000000595","LL0000000595","ENSDARG00000098223","AL773558.1",3.46654952523864,11.0544054270285,2.39241907350387e-08,1.42638040947773e-06,1.58496793839559,0,2.74135557011991,0,19.2814465987813,8.17086746721773,10.1182927473875,9.13610635757522
"LL0000004496","LL0000004496","ENSDARG00000103230","CABZ01079302.1",3.46474498716696,11.0405871047604,2.29478659481511e-15,3.95541774025536e-13,2.0043083782517,4.10081177777552,11.0747482807226,5.0812604880841,37.1782602833534,52.8698538022268,63.1103440603146,49.3478987258387
"LL0000008382","LL0000008382","ENSDARG00000097608","CU929312.1",3.39410242570914,10.512999372566,7.58973786509559e-38,1.02040230727278e-34,18.6282651525013,19.0527287961358,8.17476175406262,11.9039216926411,134.438984471233,139.745413357145,100.991636367208,168.077934424846
"LL0000004975","LL0000004975","ENSDARG00000068232","cbln12",3.35877161320383,10.2586686881898,4.13510251017512e-13,5.26961001877246e-11,0,2.01359059649502,3.04875629285046,4.89187635307281,16.6442132340344,27.6107755263876,23.1632994019243,23.0495463498945
"LL0000007335","LL0000007335","ENSDARG00000056498","crp2",3.32965994902968,10.0537369970627,5.57632767559346e-12,6.12007652526664e-10,5.03549986998354,3.04654873494258,1.02520294444388,3.03045384772501,48.1296993431326,20.9470145438578,18.6415188221185,21.6941807707331
"LL0000013880","LL0000013880","ENSDARG00000117512","LO018605.3",3.29034760885464,9.78347920914276,4.34193795293376e-08,2.42220683851527e-06,7.17642061110717,8.0543623859801,6.09751258570092,0,18.6023559674502,51.2771545490056,54.3833985958222,50.1077094562924
"LL0000021778","LL0000021778","ENSDARG00000038805","pigp",3.24185927794368,9.46012520596221,2.82320159637294e-73,2.53043559082906e-69,53.8613611736915,45.0052624482699,44.0582115018557,45.3605597933511,529.734586322268,377.812129300445,295.258447999838,369.493874456837
"LL0000004078","LL0000004078","ENSDARG00000099023","CABZ01034698.1",3.22137479466425,9.32675224742571,1.5813136009131e-06,5.83263942591939e-05,0,5.24903907555267,1.00679529824751,0,15.654004329833,20.560498700866,7.88879300753932,9.06389976597037
"LL0000040425","LL0000040425","ENSDARG00000097099","si:ch211-108d22.1",3.19985704465421,9.18867629724713,1.51604521525656e-09,1.14187506423064e-07,1.99730558808412,1.26220688120629,0,2.0043083782517,15.9419057861024,14.0951341754652,7.23571493503176,9.01083624236012
"LL0000038917","LL0000038917","ENSDARG00000100614","zgc:171497",3.18743802229452,9.10991771057204,2.28560936201059e-08,1.38107303674388e-06,1.02520294444388,4.02718119299005,15.9754829745364,11.7405032473747,33.2884264680687,61.1381458084297,71.5040981537663,80.1723351300679
"LL0000025597","LL0000025597","ENSDARG00000101450","si:ch211-215p11.3",3.17601484742227,9.03807073092531,1.44195761036673e-10,1.2754209929326e-08,2.83728828478223,0,3.07662927294034,0,12.4768196546168,14.0965404861034,12.6453489459888,11.5141362659986
"LL0000003985","LL0000003985","ENSDARG00000102378","CABZ01003056.1",3.09021971253097,8.51625832843557,9.67515390704275e-08,4.82662733592713e-06,0,1.11754278105474,2.32721730354252,1.15448281932518,12.7964627628723,10.6202875863998,7.21083581381643,5.93275279962502
"LL0000003801","LL0000003801","ENSDARG00000104728","BX950205.1",3.08364400478627,8.47753011849609,3.23196916063304e-06,0.000108684475011686,6.04077178948507,1.01625209761682,0,0.969280653040825,25.3526085279795,10.4335557306059,15.5834976409069,10.3237936505499
"LL0000002631","LL0000002631","ENSDARG00000085829","BX323559.2",3.07478238207573,8.42561726113432,1.27265542228549e-10,1.13689141693803e-08,5.55751004632627,1.18901495421168,5.37128023567395,15.4301647393166,42.4121234067833,55.7631255601977,57.7842105449964,44.4425476416422
"LL0000027515","LL0000027515","ENSDARG00000093402","si:dkey-286j17.4",3.06770590856713,8.38439048325966,2.61676658442228e-07,1.17466171433273e-05,78.1006029834447,50.7991958467892,9.54463941277253,21.656166865304,156.208109924681,335.827311638448,303.766682234794,329.652937802549
"LL0000025978","LL0000025978","ENSDARG00000068637","si:ch211-281l24.3",2.98371318832957,7.91019460667076,9.20660619806621e-07,3.60869437404959e-05,131.195563138859,205.108618196022,90.6389976597037,166.357595394891,160.956862277689,1301.78632063403,1149.38112240462,1364.83350250731
"LL0000026329","LL0000026329","","si:ch73-226i7.1",2.96399663043504,7.80282546788596,1.2817617777497e-07,6.16552637601284e-06,1.18801845193206,2.34754234549486,1.27188785179893,0,11.2711130095218,10.8867507189044,5.36152491182329,7.86330658388457
"LL0000027508","LL0000027508","ENSDARG00000100716","si:dkey-285b23.4",2.96135002215963,7.78852439149046,2.74587712410915e-07,1.22444262006917e-05,1.02520294444388,8.64837161194613,2.03250419523364,2.43615442383026,27.6881382504995,27.1374479459353,9.52716575400886,35.5363875464026
"LL0000010541","LL0000010541","ENSDARG00000090167","FO904898.1",2.92099203540187,7.57366723829753,0.000257228957828635,0.00488448809137079,0,0.979071366707904,0.986099125942415,0,4.00861675650339,3.07560883333164,3.02038589474254,6.09751258570092
"LL0000003994","LL0000003994","ENSDARG00000103677","CABZ01008730.1",2.90207625621041,7.47501386976668,5.83862243969723e-05,0.0013930321098582,0,1.00709997399671,0,2.05040588888776,4.02718119299005,7.11376468331774,6.84862689430194,3.91628546683162
"LL0000006714","LL0000006714","ENSDARG00000097585","CR548634.2",2.89900631309607,7.45912453184166,1.44952258151376e-05,0.000417304204436011,0,2.05441608770799,2.05040588888776,0,4.07517091144345,6.75078936724048,7.65633808765581,9.66377143423567
"LL0000006241","LL0000006241","ENSDARG00000100000","CR352226.5",2.89291380369901,7.42769102499812,4.04414169746475e-08,2.27972591411173e-06,53.3105531110818,101.686325122999,329.26567962785,337.539468362024,882.143301403822,1472.24599503203,1227.65486830199,1430.07402788259
"LL0000006968","LL0000006968","ENSDARG00000097976","CR812464.1",2.8784429430006,7.35356044591038,1.23559797986962e-75,1.66119970403571e-71,117.723541132958,136.318343170279,125.31344976441,134.358812136102,797.33108598234,902.662460549772,789.851455309745,765.069894115175
"LL0000011948","LL0000011948","ENSDARG00000097011","hbaa1",2.85065675260748,7.21328663078577,2.28984611286197e-09,1.64630139381672e-07,2.20418633055434,3.02038589474254,3.04875629285046,0,10.5445986194441,15.7973079975975,10.0709997399671,16.4152856178814
"LL0000028037","LL0000028037","ENSDARG00000093173","si:dkey-93m18.6",2.84106278520455,7.16547719112001,1.51753298103618e-21,5.03764744778787e-19,9.14626887855139,11.7405032473747,7.83257093366323,6.90269388159691,69.4898982057728,50.1077094562924,37.9325089444236,70.4756708773258
"LL0000026900","LL0000026900","ENSDARG00000035797","si:dkey-17m8.2",2.80091656746619,6.96883051086896,8.37643660863826e-25,4.09516370853953e-22,15.2026090035374,19.3291148966719,26.8368336729574,10.0746443634243,93.9456637285339,134.51834352674,94.6534631629364,106.86715492883
"LL0000029150","LL0000029150","","soga3",2.80023576546006,6.96554272349625,0.00183136425708589,0.0241510296584095,19.1761553040454,60.4772383215472,20.6193327234559,0,126.722397214964,81.6881706132884,145.733619421327,277.843323488439
"LL0000007938","LL0000007938","ENSDARG00000103562","CU462878.2",2.79738020887014,6.95176931400858,2.04548889650366e-07,9.4666352733368e-06,3.02129992199012,2.0043083782517,5.1260147222194,2.01359059649502,8.13001678093456,24.4593817653641,15.6651418673265,23.666379022618
"LL0000025280","LL0000025280","ENSDARG00000097770","si:ch211-167j9.4",2.77456427335397,6.84269324467901,0.000138670546391882,0.00290398155913653,7.01994169929567,22.1773693424449,15.1568546086505,10.5627051533864,7.89406267221788,141.605758698513,81.9099190679157,90.0692274127766
"LL0000039047","LL0000039047","","zgc:174646",2.74481456397994,6.70303545096541,3.69371152542994e-09,2.56348763548185e-07,6.20247781388548,1.52026090035374,1.35161528983037,5.44955025732311,26.758020452127,29.9083864898335,13.142654660657,16.0044024003398
"LL0000003785","LL0000003785","ENSDARG00000117300","BX936456.1",2.70920309316368,6.53960316563519,1.47733963703309e-05,0.00042395075240323,1.00679529824751,1.01625209761682,0.978375270614562,0.979071366707904,7.88879300753932,8.05679979197366,4.00861675650339,5.1260147222194
"LL0000005898","LL0000005898","ENSDARG00000017193","cnn1a",2.70323555612744,6.5126087403785,0.00053741240093044,0.00904285484894781,22.3575461475701,24.4593817653641,0.979071366707904,2.95829737782725,40.2839989598683,72.1551016170611,99.4446856110565,76.5164426668109
"LL0000008181","LL0000008181","ENSDARG00000092691","CU682811.2",2.69790200737587,6.48857650404754,1.83012339539438e-11,1.83620104398357e-09,8.93285593805185,5.32236147214322,12.7181370535357,3.31329306316652,35.2787120891047,51.1699928967658,50.5527571905278,32.6403035691843
"LL0000006836","LL0000006836","ENSDARG00000114030","CR759843.2",2.68319581141963,6.42277078841659,0.00187642773481384,0.0246123245665412,1.02520294444388,0,1.01625209761682,0.978375270614562,0.979071366707904,7.88879300753932,2.01419994799342,8.01723351300679
"LL0000027317","LL0000027317","ENSDARG00000095013","si:dkey-240n22.3",2.65893061834771,6.31564735610397,6.81635599165675e-05,0.00158688308449921,13.6320083382713,24.3595627798752,19.0489665188655,7.16680240430186,11.9416604151626,99.4914064311348,115.46820567108,112.208462269383
"LL0000007909","LL0000007909","ENSDARG00000098976","CU457778.1",2.63607559031446,6.21638385049786,2.35280498999079e-25,1.19367119577099e-22,10.534807905777,4.70369283074532,10.5241947282656,12.4166904032693,60.6305021344111,54.7092565067698,44.7455798580686,47.6957944424599
"LL0000025522","LL0000025522","ENSDARG00000101634","si:ch211-209j12.1",2.63130524512144,6.19586300357954,0.00013003811354249,0.00274889531056919,1.3305903680358,3.94565760783285,0,1.91348995059374,5.54191266586594,20.442546712211,8.02415852703267,8.13001678093456
"LL0000003307","LL0000003307","ENSDARG00000098884","BX649355.1",2.58152563764564,5.98572350015694,7.50762625626112e-08,3.8650108790973e-06,4.02718119299005,6.09751258570092,0.978375270614562,3.91628546683162,12.8192886372514,19.1348995059375,18.0387754042653,29.7308853888726
"LL0000025709","LL0000025709","ENSDARG00000068011","si:ch211-230g14.3",2.57486612017606,5.95815691927243,4.72241532156843e-13,5.98967101800253e-11,9.06115768422761,9.14626887855139,12.7188785179893,14.6860705006186,34.5134694079845,68.2008102390571,58.0848568017342,73.6505795288484
"LL0000003924","LL0000003924","ENSDARG00000015065","c4",2.5257603686488,5.75876866431737,2.51419675385625e-07,1.13429927037652e-05,3.10186791990986,10.6428774885165,5.3105512522193,1.52026090035374,17.7234365824374,27.9032627179273,21.0891972388883,34.9276310408803
"LL0000002734","LL0000002734","ENSDARG00000103245","BX324224.1",2.51637183355506,5.7214143663411,1.52183689042823e-09,1.14303553482471e-07,1.00215418912585,8.20162355555105,5.03397649123756,8.13001678093456,27.3945075772077,19.5814273341581,28.59687465233,32.2271991678947
"LL0000021947","LL0000021947","ENSDARG00000044264","pimr71",2.51539393007731,5.71753752816877,0.00272958629577482,0.0330760909901258,7.17659311796894,16.7834071235399,0,1.94417912690415,13.9427600444368,41.2282674632356,42.3675499496452,34.4094582675142
"LL0000006301","LL0000006301","ENSDARG00000117341","CR354610.2",2.51467183882374,5.71467652796687,1.9067730007445e-06,6.87787320799563e-05,0,0,2.90577455372525,3.6421454841534,8.61850636073671,9.91993474386757,6.60419610633934,9.92396450221677
"LL0000002635","LL0000002635","ENSDARG00000098557","BX323564.1",2.47124431673474,5.54521853174218,9.19480104138184e-05,0.00205689688187784,10.9166457387931,3.21468315057227,7.36190080991593,7.1453593684673,7.5557457005514,38.3589008632302,51.9711322721242,33.5680555347856
"LL0000026111","LL0000026111","","si:ch211-66i8.3",2.4673385471119,5.53022641324919,0.00024333960902481,0.0046372492892049,0,1.19361783014977,4.00440188983533,0,3.70612790430789,7.54622104411764,6.83810363944069,8.98061406036781
"LL0000029534","LL0000029534","ENSDARG00000075641","steap3",2.46414025724846,5.51798011327937,3.63835404323192e-13,4.68094267313220e-11,6.84862689430194,6.85349956695533,7.88879300753932,3.02129992199012,42.0904759432856,33.8316971666481,21.1427012631978,25.4063024404205
"LL0000039030","LL0000039030","ENSDARG00000091800","zgc:174260",2.45614668309517,5.48749105553479,1.58875100528686e-09,1.18997007746959e-07,5.1868814024571,3.59534690716825,3.15678569574642,4.1213158366644,23.5791458849567,25.7721531955626,8.80537743553106,19.94368373984
"LL0000004111","LL0000004111","ENSDARG00000103451","CABZ01042594.1",2.45035970121489,5.4655235536397,0.000295613464225625,0.00548542175715426,2.93512581184369,0.979071366707904,0,0.0906389976597037,7.35581174818373,3.35241362833149,4.66146223088598,6.09751258570092
"LL0000004054","LL0000004054","ENSDARG00000114113","CABZ01030006.1",2.44721503974689,5.453623253971,0.000148777880034538,0.00308918024420749,3.50470790950854,3.21691494709397,3.17812912777603,1.32896979368672,9.91862047274017,5.9191703872181,23.3018985276481,11.4979158084886
"LL0000030240","LL0000030240","ENSDARG00000101407","tgm1l4",2.43237867909757,5.39782677488562,1.26710125713965e-21,4.31279565863646e-19,169.714100302009,134.037412074195,82.241994803464,90.7211195867022,769.424380133485,507.090019697679,451.089295555308,552.730618737884
"LL0000004079","LL0000004079","ENSDARG00000099511","CABZ01034698.2",2.41804159040366,5.34445038260379,1.85539847300717e-05,0.00051860508878056,41.7565159271993,37.2413580821755,17.1441728867958,23.2755476879204,28.5595117668696,187.072865182536,128.244110688741,193.636232422896
"LL0000010566","LL0000010566","ENSDARG00000031683","fosab",2.41049788655075,5.31657773683294,3.05964761388016e-12,3.54615796075964e-10,43.0791401351478,39.5425749502909,78.8659989636822,105.226189858214,463.904332360856,295.31319688196,285.170501112256,178.74916194128
"LL0000002087","LL0000002087","ENSDARG00000053940","btr32",2.40782386182277,5.30673262554317,0.00242321973358346,0.0302039722995353,1.09755226542617,3.91350108245825,0,0,8.21793578781314,9.01938770213263,1.07646309166608,8.0543623859801
"LL0000004004","LL0000004004","ENSDARG00000115450","CABZ01012382.1",2.38758069891642,5.23279122014548,0.00299155905029773,0.0353791311034435,6.91711316324495,0,0,12.8103116692381,18.9006280069135,27.3421625283183,20.1057021060028,24.8575263077074
"LL0000024362","LL0000024362","ENSDARG00000059914","sdr42e2",2.34648080895815,5.08582143350911,1.47580706080933e-22,5.83573177325032e-20,135.917365263414,110.771478640233,233.83168967688,238.893413476729,709.005271552597,916.460976337004,663.426073201312,846.817632110646
"LL0000040225","LL0000040225","ENSDARG00000096678","si:dkey-263j23.1",2.34323351673108,5.07438687852265,9.27449099272395e-08,4.65264530416706e-06,19.7631804664142,29.3329781465688,82.8027436053846,101.717097373667,366.317420751171,216.799666661548,189.408399459304,256.491866917509
"LL0000007018","LL0000007018","ENSDARG00000102496","CR847898.4",2.33919166508794,5.06019038175848,1.55409054507169e-08,9.69557788084282e-07,4.32930609702366,6.70482725666298,4.02718119299005,1.46340302056822,13.4722274763625,22.1857571696011,14.7914868891362,21.1490994539309
"LL0000024271","LL0000024271","ENSDARG00000075766","sccpdha",2.33347852983842,5.04019143176324,5.43056596185755e-53,2.08603554497697e-49,52.0984831602254,41.8357194994287,63.6921425446206,55.1790075752796,277.636796555425,253.717224690972,171.769345834008,242.650513347968
"LL0000003114","LL0000003114","ENSDARG00000094497","BX548075.3",2.33231910876896,5.03614251188852,0.00251329623951281,0.0309574084215575,1.14245577560347,1.27125165111041,2.33576509193423,0,9.03040374777241,4.43519329118681,7.00130379419115,1.00709997399671
"LL0000026552","LL0000026552","ENSDARG00000100357","si:ch73-44m9.3",2.3083917031554,4.95330584265052,9.6360615555931e-05,0.00213605984475138,14.6488715895013,14.2478544085878,13.5113624871871,0.979071366707904,18.7654663666842,54.3028305979025,52.6932672642371,56.6219586216355
"LL0000021412","LL0000021412","","pcdh2g7",2.30746166308949,4.95011370003403,1.72308342919217e-07,8.08586218630861e-06,6.90661574597793,17.1238478448434,31.7971962949733,8.88017729604069,103.353049390025,78.0502479847449,34.895008865362,66.8329799482966
"LL0000010465","LL0000010465","ENSDARG00000117485","FO681323.1",2.26513293560653,4.80698711243737,6.22875328558407e-15,9.96934208905179e-13,17.9008204028408,9.81699526297849,15.2920054797056,11.6215771228228,43.2404466725749,68.9561352195546,54.1263477546871,60.322941251078
"LL0000002607","LL0000002607","ENSDARG00000097624","BX323450.1",2.25206180662299,4.76363147223624,0.00257264964406588,0.0315560001584291,0,1.97631804664142,1.42944419539354,0,3.19250691756956,5.90268817395125,1.66082876999909,5.36621893965924
"LL0000026694","LL0000026694","ENSDARG00000095772","si:dkey-11o1.2",2.24525270169134,4.74120147735219,0.00309501982678007,0.0363573561041019,1.44553615166587,0,0,2.27961438053193,4.02398331716949,1.64678554032383,5.89153484788074,5.08092173886805
"LL0000027091","LL0000027091","ENSDARG00000095455","si:dkey-20i20.10",2.23558634654663,4.70954063245264,0.00023459860657294,0.00450258524778001,6.09751258570092,10.1946703198037,3.01553980946034,7.5535193047189,7.04969981797695,46.7304498389383,24.7381470494308,33.6470988674319
"LL0000006416","LL0000006416","ENSDARG00000092324","CR383669.1",2.21458654960718,4.64148530089564,0.000643093491784241,0.0104737376744921,0.979071366707904,0,4.02839989598683,1.00215418912585,5.1260147222194,4.02718119299005,8.13001678093456,7.8270021649165
"LL0000003695","LL0000003695","ENSDARG00000114317","BX927253.3",2.21226692442997,4.63402852376871,3.40005705716912e-07,1.47935492249548e-05,11.0780997139638,19.6622651906491,15.070483283325,10.3397877130019,25.1115893321116,72.7422013701927,43.6372108141713,76.7283729895793
"LL0000038900","LL0000038900","ENSDARG00000102959","zgc:171220",2.2087811681521,4.62284556743868,4.36801113062614e-28,3.26254031365018e-25,44.0268871776553,41.120997401732,28.59687465233,43.0938078873191,148.559336996016,171.208891722128,140.951341754652,176.827864985327
"LL0000010627","LL0000010627","ENSDARG00000030896","foxq1a",2.20750641509212,4.6187626645131,1.41578545667609e-41,2.71921822461167e-38,105.745497269654,90.1938770213263,100.4698885555,103.699915719494,513.207309296494,405.047362034429,327.00983648044,313.579522049688
"LL0000010912","LL0000010912","ENSDARG00000079412","ftr02",2.20082478232625,4.59742099392661,1.91390092701144e-14,2.92402738786424e-12,4.74589729587055,7.51392207831984,12.639811344199,11.9515214064221,39.7401649739101,45.3274339741621,29.4233245055394,35.5197381221722
"LL0000022841","LL0000022841","ENSDARG00000010276","ptgs2b",2.19338120249639,4.57376170448033,2.17955489531487e-23,9.30254786986054e-21,61.1381458084297,32.2271991678947,36.0775508085305,56.3861619444135,211.427012631978,216.461696792383,130.123910991737,171.337489173883
"LL0000039447","LL0000039447","ENSDARG00000091477","znf1066",2.19116033418097,4.56672632428339,0.000829510199563929,0.0129427536729616,0,16.1742589780146,5.19674239371653,3.88740589962729,28.0903819211975,27.9572842949846,26.1766777544353,22.3067335426892
"LL0000028105","LL0000028105","ENSDARG00000089297","si:dkeyp-115d7.2",2.18851258802771,4.55835279915128,9.14620760287385e-11,8.36504681066922e-09,21.9547410725908,16.0861425550109,13.5785849642271,22.1360574284476,45.5980156052261,81.3190975532886,62.6125995980128,105.659730589221
"LL0000024270","LL0000024270","ENSDARG00000075053","SCCPDH (1 of many)",2.1879627043072,4.5566157124508,6.38277861324904e-15,1.01554162208079e-12,12.9572142446145,12.0046645704407,12.1502756608451,5.13757644615998,41.2508149349052,44.6159044998828,33.2063233705373,50.5713278309725
"LL0000024904","LL0000024904","ENSDARG00000102575","si:ch211-106j21.2",2.17178556959219,4.50580715784159,1.47196649073625e-10,1.29769531047237e-08,8.84750141055069,9.28265264984206,4.67475964903737,10.3609941158082,23.9774577706766,36.8998292927652,28.6721362596863,38.4426346948675
"LL0000031374","LL0000031374","ENSDARG00000078210","tulp1b",2.16882669642962,4.49657551207125,0.00139034139490703,0.019370409206039,0.986099125942415,2.01419994799342,2.0043083782517,2.05040588888776,2.01359059649502,6.09751258570092,7.8270021649165,11.7488564004949
"LL0000002803","LL0000002803","ENSDARG00000093416","BX470229.1",2.16470141959061,4.48373626126844,5.51481347350848e-07,2.27435305964984e-05,10.2321357358066,5.56195574964846,1.02520294444388,3.21167700140956,18.9835891834822,18.4717251092029,17.96595957909,21.7927906833274
"LL0000027919","LL0000027919","ENSDARG00000096901","si:dkey-7i4.10",2.16098821808828,4.47221088096189,4.51024086254543e-09,3.08589991228967e-07,10.1921329274293,6.1236755721024,6.20373583981972,3.77812129300445,23.2618548094317,27.9486374793509,17.6319738936518,35.0356184407075
"LL0000024906","LL0000024906","ENSDARG00000112632","si:ch211-106j21.6",2.15939076808096,4.46726168565269,1.95551386179368e-06,7.02965404141313e-05,4.67475964903737,9.51959138307969,5.07158967954694,10.137099014688,38.1791600142152,15.2527867584954,20.1862459761,44.711779195172
"LL0000006614","LL0000006614","ENSDARG00000092510","CR405715.1",2.15740525174538,4.46111782292909,1.82854070147639e-06,6.63530781673398e-05,18.8842382366563,36.8789117748064,10.0812208083589,20.3697731341952,60.6828433085559,60.1323246999685,69.8524541964117,141.313762208636
"LL0000011956","LL0000011956","ENSDARG00000113599","hbbe1.1",2.14571642365232,4.42511952474001,4.76475562402931e-34,5.12478055898097e-31,5173.05965543175,7249.38297329856,7960.17801010507,4729.17928264611,29766.7658032279,21312.1050598403,18368.1620965336,24366.2431552731
"LL0000007678","LL0000007678","ENSDARG00000105703","CT737190.2",2.12846658443729,4.37252485339624,0.00153693525332832,0.0210099908626056,4.02839989598683,2.0043083782517,0,1.00679529824751,6.09751258570092,12.7188785179893,4.89535683353952,3.94439650376966
"LL0000021370","LL0000021370","ENSDARG00000101665","pcdh1g11",2.12790871938855,4.37083440103534,4.36721895018434e-26,2.4985138372661e-23,44.7017112421895,33.8005447667354,59.7200265183129,33.2884264680687,163.938979687927,147.781850184277,144.660957200316,188.340032923785
"LL0000010593","LL0000010593","ENSDARG00000055630","foxh1",2.12784306102537,4.37063548491373,0.00319838564357894,0.0374407451328664,3.00646256737754,5.1260147222194,1.00679529824751,3.04875629285046,1.95675054122912,14.6860705006186,16.7636851410211,11.0780997139638
"LL0000005527","LL0000005527","ENSDARG00000103760","cfhl2",2.1195523790557,4.34559094660104,3.83262651158224e-52,1.28819367837418e-48,229.575757249707,167.352668711382,210.887159074045,162.827923795788,814.721291133641,817.876152988995,602.808616872715,707.697635738401
"LL0000002086","LL0000002086","ENSDARG00000096304","btr31",2.10686156273238,4.30753214534749,2.15427279965521e-06,7.63191585111054e-05,4.95343286737776,1.01625209761682,3.91350108245825,0.979071366707904,11.6754136511582,11.0780997139638,7.96712580355049,11.2772323888827
"LL0000027403","LL0000027403","ENSDARG00000101551","si:dkey-261j11.2",2.10640556974787,4.30617087771813,3.44311835870262e-07,1.49085361589621e-05,7.89627879848269,5.94852164533654,5.34572966222516,4.30925318036835,22.015205431568,18.8204556717834,13.2558740716594,36.2446307369104
"LL0000020505","LL0000020505","ENSDARG00000055752","npas4a",2.09722781856199,4.27886398128186,4.81537742430499e-07,2.01056962053007e-05,2.93512581184369,8.81164230037114,4.93049562971208,8.05679979197366,23.0495463498945,33.8316971666481,22.1494965614453,15.2437814642523
"LL0000021505","LL0000021505","ENSDARG00000011671","pde6b",2.09287667129183,4.26597843080214,2.19508604708449e-08,1.3384051863958e-06,7.88879300753932,9.06389976597037,14.0301586477619,23.5796677222093,44.2989931228905,48.7801006856074,31.308008659666,73.4303525030928
"LL0000024761","LL0000024761","ENSDARG00000092858","si:ch1073-126c3.2",2.0855227485621,4.24428856958849,5.53653188571523e-05,0.00133517314686096,3.91628546683162,6.90269388159691,6.04259984398025,4.86044781726036,8.20162355555105,22.7737096463587,16.0161330584411,33.2647592008951
"LL0000013461","LL0000013461","ENSDARG00000058332","krt18a.2",2.0842653137223,4.24059091273973,1.39773680836861e-10,1.24449486888158e-08,13.028004458636,5.1260147222194,5.03397649123756,9.14626887855139,27.3945075772077,29.3721410012371,28.59687465233,30.2129992199012
"LL0000026435","LL0000026435","ENSDARG00000099772","si:ch73-302a4.4",2.08140681976578,4.23219710644736,0.00188477144553289,0.024697670272385,0.979071366707904,0.986099125942415,4.02839989598683,1.00215418912585,10.6005984455497,8.39667278738425,6.44303829889064,1.64367045463246
"LL0000003109","LL0000003109","ENSDARG00000093054","BX548073.3",2.07915936149112,4.22560924051692,0.00023211144849381,0.00447080568664043,24.6524781485604,21.1490994539309,2.0043083782517,10.2520294444388,34.2310401404154,68.088890540327,49.8971388013427,59.7233533691822
"LL0000002987","LL0000002987","ENSDARG00000097389","BX530407.4",2.07664931319101,4.21826377831936,0.00230562302288858,0.0290544926090551,3.04875629285046,0,0.979071366707904,0.986099125942415,3.66584390534802,5.01077094562924,7.17642061110717,3.66473488562094
"LL0000026453","LL0000026453","ENSDARG00000103650","si:ch73-329n5.1",2.07406462069115,4.21071321940612,8.62226091652133e-09,5.64097259815917e-07,9.10142949615751,10.6096718991196,4.44182372859011,17.221865340392,30.3718530790264,46.0848948100894,32.1992140966135,43.9094421105314
"LL0000022095","LL0000022095","ENSDARG00000059951","pld6",2.06930142901138,4.19683408284404,0.00186397261398937,0.0244847873070641,1.97219825188483,4.02839989598683,1.00215418912585,1.02520294444388,9.06115768422761,9.14626887855139,9.78375270614562,1.95814273341581
"LL0000000731","LL0000000731","ENSDARG00000095483","AL929457.1",2.06340177696842,4.17970689835778,4.76844258074083e-06,0.000155040692325925,6.90269388159691,6.04259984398025,1.00215418912585,3.07560883333164,16.1087247719602,16.2600335618691,17.6107548710621,11.7488564004949
"LL0000006278","LL0000006278","ENSDARG00000093180","CR354547.1",2.05152524645765,4.14544002274099,0.000635740312421097,0.0103791264485069,2.93512581184369,2.93721410012371,0,3.02129992199012,4.00861675650339,8.20162355555105,10.0679529824751,11.178773073785
"LL0000026952","LL0000026952","ENSDARG00000090814","si:dkey-18a10.3",2.04268715502845,4.12012227893425,4.34711959230345e-07,1.84078265696768e-05,8.01723351300679,6.15121766666329,6.04077178948507,11.178773073785,32.2863839302806,28.3930696345292,10.8470903853666,40.2839989598683
"LL0000012013","LL0000012013","ENSDARG00000023656","he1.1",2.03955925999603,4.1111991529091,1.72596193846692e-25,8.92488280066095e-23,1235.92733949993,1112.89582626506,998.466261709865,839.497683087316,5413.2362800874,3165.27975836321,2566.38595610176,3768.6904583004
"LL0000025583","LL0000025583","ENSDARG00000044129","si:ch211-214p16.1",2.02194146254787,4.06129961261887,0.000230940210539822,0.00445782578693846,9.60469010740454,0.0295829737782725,6.04259984398025,2.0043083782517,18.2793684994344,16.0080452421354,9.03448114781354,20.5458806829058
"LL0000004074","LL0000004074","ENSDARG00000099583","CABZ01034082.1",2.02124115973869,4.05932868372004,0.00203770368555241,0.0262790476742535,5.82547463191203,0,4.27010388974604,1.50323128368877,4.71593354444185,12.7258925698486,14.0446039890645,9.10867376942157
"LL0000027855","LL0000027855","ENSDARG00000076139","si:dkey-71p21.13",2.01400874086065,4.0390296615934,0.000182702550551051,0.00366072196852995,2.93721410012371,0,3.02129992199012,2.0043083782517,10.2520294444388,7.04756708773258,7.11376468331774,4.89187635307281
"LL0000007829","LL0000007829","ENSDARG00000097605","CU137681.1",2.00831929477836,4.02313261584325,9.12635905444896e-05,0.00204498890512565,2.46048706666531,5.19506373895716,0,7.29867951878463,12.9335327542114,18.8147713229813,9.30560375972958,12.2763888167916
"LL0000027010","LL0000027010","ENSDARG00000071644","si:dkey-19a16.7",1.96438610191489,3.90246610563125,8.36638545270744e-09,5.48692044970367e-07,49.8971388013427,68.5349956695533,166.650752284268,146.029496229523,280.603172955238,428.534830777542,336.269629614669,388.208301289625
"LL0000025324","LL0000025324","ENSDARG00000058906","si:ch211-181l5.2",1.93980915613986,3.83654893397617,3.15001980895625e-05,0.000817576087287883,2.95829737782725,3.02129992199012,2.0043083782517,3.07560883333164,10.2189722772122,7.13408972527008,10.7621279767602,8.95850300537732
"LL0000025604","LL0000025604","ENSDARG00000079345","si:ch211-217k17.10",1.93977660285225,3.83646236622046,0.00160921538805674,0.0217985856773087,1.01625209761682,2.93512581184369,0,1.97219825188483,6.04259984398025,5.01077094562924,6.15121766666329,4.02718119299005
"LL0000003544","LL0000003544","ENSDARG00000097511","BX890629.1",1.93580590477011,3.82591787190669,0.00158959242161122,0.0216147874110592,2.01359059649502,1.01625209761682,0,3.91628546683162,4.93049562971208,6.04259984398025,8.01723351300679,5.1260147222194
"LL0000002727","LL0000002727","ENSDARG00000110372","BX324212.2",1.93267860813032,3.81763350047493,0.000880110720976704,0.0135617748861562,0,4.87132968215553,1.60128895865477,2.69579476874853,9.04228996999503,4.99370467930766,6.02637493886775,11.6720169784317
"LL0000026427","LL0000026427","ENSDARG00000101790","si:ch73-299h12.3",1.92594075662136,3.79984548999325,2.62568936065976e-06,9.05370971213292e-05,50.1774075437801,50.774243994775,33.5767131330502,46.0389634484415,56.3861619444135,188.602963220706,170.974252903054,165.668284573164
"LL0000000662","LL0000000662","ENSDARG00000096583","AL928835.1",1.91797926779939,3.77893385855658,0.00255411481385954,0.0314026489391263,0,0,3.14676415385516,3.92652727722006,3.51371559088382,7.18490233015092,5.58652279520915,7.10805812229938
"LL0000025126","LL0000025126","ENSDARG00000079456","si:ch211-149a19.3",1.90823395308218,3.75349341785598,0.000125461173596842,0.00267231790123932,113.769422328203,107.826738574431,21.7745471955838,34.197917687683,186.102004194852,265.310300029177,216.38958548377,253.400308615916
"LL0000013568","LL0000013568","ENSDARG00000036215","lcp2b",1.89801544638884,3.72700162059884,0.00242369088639191,0.0302039722995353,3.94439650376966,4.02839989598683,0,0,5.03397649123756,9.14626887855139,4.89187635307281,7.83257093366323
"LL0000002935","LL0000002935","ENSDARG00000104963","BX511166.1",1.89701035725569,3.72440601711779,0.00103912424790047,0.0154029834078256,3.02038589474254,1.07722722347383,3.91350108245825,0.979071366707904,3.94439650376966,10.0709997399671,5.01077094562924,11.2772323888827
"LL0000026620","LL0000026620","ENSDARG00000077697","si:dkey-105i14.1",1.89101436611601,3.70895911875276,1.98049380647939e-10,1.70138971125956e-08,38.0141213050801,20.9577504588715,30.9164567345324,42.6997026360876,133.974250337796,95.7207850745283,113.54045015482,68.6524842335583
"LL0000027413","LL0000027413","","si:dkey-261o4.8",1.89016027416646,3.7067640223982,0.00333343671010878,0.0385683217289652,1.12803982835467,1.28167160450508,0.979071366707904,2.03136419944138,4.49166588402532,7.2656178711624,1.90687747666562,5.18499578597469
"LL0000002723","LL0000002723","ENSDARG00000085198","BX324206.1",1.88828011736631,3.70193641983825,5.89121000546305e-09,3.98011924213306e-07,13.6018044793239,8.19099190679157,21.5340397062265,22.6948742802892,40.499091102455,61.0705424231604,54.9481141897703,52.777447579971
"LL0000027356","LL0000027356","ENSDARG00000094556","si:dkey-24h22.5",1.88799586985485,3.7012071163262,0.00305397127690557,0.0359638887701068,2.76880201583921,2.84909767712,5.53201609653695,1.44015296281529,5.76238658747363,5.87441287166344,18.1323833214377,10.213333581049
"LL0000026564","LL0000026564","ENSDARG00000045982","si:ch73-55i23.1",1.88742964208753,3.69975475461992,1.72995374782497e-05,0.00048759671200488,4.77744572110849,2.01359059649502,5.0812604880841,3.29712466197107,15.6651418673265,14.7914868891362,10.8666087194245,7.01507932388094
"LL0000028409","LL0000028409","ENSDARG00000058606","sik1",1.88398522944161,3.69093218202727,4.21330733709737e-26,2.46286132580894e-23,635.28783319418,616.86502325341,595.830539804268,722.554668630433,2416.92895768486,2228.71224245471,2018.33853689946,1477.31744294363
"LL0000027099","LL0000027099","ENSDARG00000092027","si:dkey-20i20.9",1.88137737681894,3.68426638463332,0.00111592764044806,0.0162635112867252,3.04875629285046,9.14780878024616,2.11479415208907,5.01924455104689,6.04259984398025,19.8426529446918,17.7975231155458,19.5016249270543
"LL0000006792","LL0000006792","ENSDARG00000116832","CR749164.1",1.87748061719348,3.67432850544821,0.00011492766525823,0.00248181920098574,3.91628546683162,3.94439650376966,5.03549986998354,0,10.2520294444388,8.0543623859801,9.14626887855139,14.6756290592184
"LL0000010730","LL0000010730","ENSDARG00000103351","FP102192.2",1.87303399143134,3.66302104933209,0.00215331437769171,0.0274931008080496,5.87442820024743,28.59687465233,16.1135995839473,13.028004458636,12.3024353333266,66.4484896843358,48.7801006856074,72.693282606662
"LL0000004440","LL0000004440","ENSDARG00000101049","CABZ01075274.1",1.87115724797439,3.65825907183968,1.99814983477086e-05,0.000554471113592918,10.3022915995713,3.23093551013608,12.0994362753134,9.8494377456878,16.1447039868174,33.2165753999817,35.5298060751547,26.0567037828953
"LL0000026311","LL0000026311","ENSDARG00000058753","si:ch73-213k20.5",1.85639048659199,3.62100579728373,0.00043255575484093,0.0075722602160923,4.06500839046728,8.80537743553106,35.7165234575043,34.0006978624945,67.4052012595997,76.9453986410826,59.9333641321893,52.59498638045
"LL0000009128","LL0000009128","ENSDARG00000062485","dock11",1.85290495419523,3.61226805390587,2.22212736139971e-07,1.01272512916401e-05,632.030424817007,685.349956695533,635.047837106915,718.062281459653,776.669496572532,2731.1406439985,2221.99722323226,2549.7765129206
"LL0000006870","LL0000006870","ENSDARG00000109460","CR762420.1",1.85040434603921,3.60601237066321,0.00118278934854911,0.0170165986052098,3.15551720301573,5.77068285100114,4.4896507672838,8.84750141055069,5.30581122176439,30.2436624250766,14.6756290592184,18.1324017114304
"LL0000009733","LL0000009733","ENSDARG00000090834","epor",1.84968525301482,3.60421544744868,4.94044115385243e-06,0.00015985983415877,32.5200671237383,42.0701366364262,26.4349269011134,22.6802798966756,41.291098933865,114.245577560347,100.4698885555,129.876593473929
"LL0000010934","LL0000010934","ENSDARG00000075355","ftr29",1.83990058738773,3.57985359619357,3.6713774661668e-05,0.000930871235753645,8.2557214456296,2.25607965670934,14.3429814672095,7.00036027196152,36.7716364063927,25.9831793291151,21.6064443175533,14.7219142822141
"LL0000003751","LL0000003751","ENSDARG00000103105","BX936303.1",1.81290001907494,3.51347837520749,0.000279985214358023,0.00526470099921181,2.36766815488724,1.29237420405443,0.986099125942415,4.90457687336397,7.92703963598546,7.51473758277365,6.42335400281913,8.57716770388596
"LL0000038864","LL0000038864","ENSDARG00000101093","zgc:162971",1.80895123037057,3.50387481142131,6.18933619515934e-35,7.6787347374525e-32,200.079512653716,238.038149853862,193.976964847199,206.06579183322,626.266947321882,744.912787553129,498.521335388944,634.438245626722
"LL0000019278","LL0000019278","ENSDARG00000081232","mir454b",1.80063319808029,3.48373092532943,0.00140361944984809,0.0195250508985852,15.3780441666582,28.1902683509303,20.3250419523364,22.5026312241349,11.7488564004949,82.8323265791629,84.5963978157235,68.1464848605577
"LL0000007984","LL0000007984","ENSDARG00000100065","CU467837.1",1.8000417989469,3.48230314387276,2.21037511314442e-07,1.00907939588014e-05,14.6860705006186,26.6246764004452,23.1632994019243,33.071088241153,48.1845383888624,67.4552849825833,83.3326720045793,89.0321496259252
"LL0000027406","LL0000027406","ENSDARG00000035151","si:dkey-261j4.3",1.79805124611659,3.47750176285839,0.00116734818909349,0.016877236059389,3.99370146006678,12.538394676259,5.89266663205999,6.71507928610742,9.54441942738641,26.7680802512271,12.7873647869323,38.6537375576281
"LL0000006888","LL0000006888","ENSDARG00000101566","CR769772.4",1.79608736224933,3.47277119733866,0.00319654396283312,0.0374354837180399,2.3271939372241,1.31930096593569,3.92844442137333,3.78299886499792,11.0747482807226,14.075091551993,7.51392207831984,1.95814273341581
"LL0000009687","LL0000009687","ENSDARG00000029019","epb41b",1.78475077494852,3.4455893631046,3.79193047804725e-07,1.63661667133567e-05,153.831463647017,243.718193707203,199.428683636044,164.032471111021,245.658052772393,688.002670086588,525.38752032002,728.429096830681
"LL0000025132","LL0000025132","ENSDARG00000038052","si:ch211-149k23.9",1.77858710119599,3.43090005882036,0.00140865226291339,0.0195849279718088,17.428450055546,27.1834730526828,15.2437814642523,9.78375270614562,11.7488564004949,63.1103440603146,61.4330984137992,62.1335597258026
"LL0000013848","LL0000013848","ENSDARG00000114191","LO018333.1",1.7751617781603,3.4227638965228,5.33569830263694e-06,0.000171411698518046,3.91350108245825,2.93721410012371,4.93049562971208,4.02839989598683,12.0258502695102,15.3780441666582,9.06115768422761,12.1950251714018
"LL0000025397","LL0000025397","ENSDARG00000102834","si:ch211-195j11.30",1.76535830227202,3.39958419956489,9.65650329997011e-05,0.00213706763154647,6.01292513475509,2.05040588888776,3.02038589474254,2.03250419523364,10.7621279767602,12.7279277672028,6.90269388159691,8.05679979197366
"LL0000025648","LL0000025648","ENSDARG00000075225","si:ch211-223a10.1",1.75851419733503,3.38349486103335,5.67697130064173e-08,3.05907978563037e-06,16.7636851410211,10.0709997399671,14.0301586477619,10.2520294444388,55.3737414036132,36.5850755142055,32.2863839302806,24.4767841676976
"LL0000009993","LL0000009993","ENSDARG00000073709","fam149a",1.74274869784994,3.34672195654573,0.000127245149962014,0.00270332938307477,3.07560883333164,6.04077178948507,3.04875629285046,3.91350108245825,6.85349956695533,14.7914868891362,11.1485967121436,13.7094693072416
"LL0000002328","LL0000002328","ENSDARG00000085083","BX072561.1",1.74177665918269,3.34446780901223,1.13388635886452e-07,5.55356471830747e-06,9.23510676154981,19.0609726771736,25.5788134638748,20.2567214007399,80.9546420961559,49.6134099728644,27.7762546735032,54.8862773499548
"LL0000001902","LL0000001902","ENSDARG00000091669","bicdl2l",1.74040297525856,3.34128483895305,1.51368576963475e-26,9.46546433946716e-24,181.277995319407,166.357595394891,179.410515277679,120.815435789701,532.516099151214,440.268871776553,418.063473584275,420.078227651469
"LL0000000658","LL0000000658","ENSDARG00000101333","AL928808.1",1.73966843332625,3.33958407125312,0.00176813192383804,0.0235397255792967,14.0951341754652,15.2437814642523,6.84862689430194,4.89535683353952,8.87489213348174,36.2555990638815,35.0753966194047,36.9073059999797
"LL0000013406","LL0000013406","ENSDARG00000105343","klhl33",1.73625470671979,3.33169123917327,0.00154453741480111,0.0211031842208268,2.19481375017958,3.04875629285046,0.978375270614562,2.18332914775863,4.93049562971208,8.05679979197366,7.01507932388094,5.1260147222194
"LL0000000838","LL0000000838","ENSDARG00000092131","AL954694.1",1.71738898066561,3.28840725282822,0.00429287003392184,0.0471724488525233,3.86726390014736,2.0043083782517,0,1.00679529824751,6.55482602962849,5.00928138554656,3.41695906981059,5.25590834127307
"LL0000028167","LL0000028167","ENSDARG00000093430","si:dkeyp-34f6.4",1.71661351162554,3.28664016226501,0.00191522927614838,0.0250479572015339,2.95829737782725,3.02129992199012,3.00646256737754,4.10081177777552,6.04077178948507,6.41255073596214,7.07365320654328,17.5743310324069
"LL0000025501","LL0000025501","ENSDARG00000113022","si:ch211-207e19.15",1.71613029888396,3.28553952739546,4.88201438068538e-05,0.00119664981478805,2.15454193824968,4.97963527832242,3.27755715655878,3.18198194180069,11.5274987822668,10.8162537207246,8.59848294269978,8.63220879221748
"LL0000027144","LL0000027144","ENSDARG00000094662","si:dkey-21e2.8",1.7144072063489,3.28161776359963,0.00067647416681346,0.0109247530759442,2.01359059649502,2.03250419523364,4.89187635307281,1.95814273341581,6.90269388159691,10.0709997399671,4.00861675650339,11.2772323888827
"LL0000002071","LL0000002071","ENSDARG00000054184","btr06",1.71386785605781,3.28039116293797,0.000521233919833475,0.00882585571184024,3.63235477048632,1.98205924314425,3.20257791730953,2.0043083782517,7.17642061110717,10.8129815031783,4.06500839046728,9.78375270614562
"LL0000010936","LL0000010936","ENSDARG00000110978","ftr32",1.70303778923878,3.25585802149596,5.32419126420158e-05,0.0012932446152043,1.93718303581683,12.8943698995431,11.9219384326438,10.9471767173442,35.3159136247949,34.3750547272033,21.5051475705669,18.0892873375794
"LL0000000636","LL0000000636","ENSDARG00000041007","AL845428.1",1.70245210136237,3.25453651591412,0.0025780975282711,0.0315819883542968,0,2.93512581184369,2.64349269011134,2.81038250893588,8.72148577481149,3.64784124841809,6.60230696221859,6.12131541334487
"LL0000012540","LL0000012540","ENSDARG00000038666","igfbp1b",1.70072182577705,3.25063557400428,5.02820265356673e-09,3.43155688202426e-07,9.06389976597037,8.01723351300679,10.2520294444388,9.06115768422761,25.4063024404205,30.3296333890514,22.5186414342818,21.6941807707331
"LL0000024827","LL0000024827","ENSDARG00000088885","si:ch1073-340i21.3",1.69498067030322,3.23772548580127,3.69903381519193e-09,2.56348763548185e-07,296.658624112495,197.219825188483,114.809397035625,169.364057962268,507.475457499721,572.866524702834,509.142300906027,605.614292510414
"LL0000007532","LL0000007532","ENSDARG00000093819","CT027772.2",1.69202282237866,3.23109422357774,0.00189354380639785,0.024800535513995,2.87056824444287,6.57437329755625,2.03250419523364,3.91350108245825,4.4841468595222,13.4405310865951,12.7800986700182,12.055914895184
"LL0000029559","LL0000029559","ENSDARG00000054318","stk33",1.69135030701844,3.22958839313698,9.72175757845596e-14,1.32694588592438e-11,16.2600335618691,20.5458806829058,22.5186414342818,17.7497842669635,59.4188984658058,51.1098636454183,42.0333207221991,66.4484896843358
"LL0000010351","LL0000010351","ENSDARG00000087666","fibpb",1.68819378905038,3.22252999931982,1.55792354228926e-05,0.000444231242085005,44.1871018334796,49.9219457110168,41.1384294636161,46.9645468849742,46.1615644246484,159.338166385341,120.721724641131,162.760824001522
"LL0000040296","LL0000040296","ENSDARG00000088263","zgc:174356",1.68593164321296,3.21748103167627,0.00327361127604749,0.0380891967120904,2.05040588888776,2.01359059649502,3.04875629285046,0.978375270614562,4.89535683353952,3.94439650376966,5.03549986998354,9.01938770213263
"LL0000027549","LL0000027549","ENSDARG00000113896","si:dkey-29p23.1",1.68453943737269,3.21437764867784,2.08376197544048e-05,0.000574669494949939,9.75155081241073,11.4979158084886,10.0307157410072,12.677250492442,16.7210600238797,36.3251743607702,38.4549793738205,28.891421741248
"LL0000028001","LL0000028001","ENSDARG00000105367","si:dkey-88n24.11",1.68428800525917,3.21381749748792,0.00012144037131937,0.00259365380810687,5.50825277355998,4.42540257751973,3.76689866110003,5.13620986738321,7.69654417248651,13.8402397499924,15.0616576617828,17.0018975931294
"LL0000012471","LL0000012471","ENSDARG00000033594","ido1",1.68281661027831,3.2105414175211,0.00374803975151129,0.0422238499095932,3.91628546683162,0.986099125942415,3.02129992199012,2.01432992014295,3.07560883333164,9.06115768422761,9.14626887855139,6.84862689430194
"LL0000002377","LL0000002377","ENSDARG00000093431","BX119909.1",1.68278531140441,3.21047176645962,9.97505437384882e-12,1.04365461890436e-09,34.928664317203,30.5763732077769,21.6360071582621,19.6555591866466,85.8156052919478,87.6543513050213,55.1387235763198,63.5967048419263
"LL0000010502","LL0000010502","ENSDARG00000078272","FO704871.1",1.67891373737184,3.20186778858938,8.15201100132984e-05,0.00185291144391173,36.9589952403217,42.2780569083818,23.9013774106515,43.9094421105314,37.1205426463858,116.879153746911,104.627451439521,132.918728744265
"LL0000012935","LL0000012935","ENSDARG00000096587","itgam",1.67758095522906,3.1989112235778,1.03054674319321e-07,5.12206494967139e-06,10.5040527287857,11.1339330411882,9.24733055888381,11.0848162337051,21.9612078294995,29.0479617845463,25.4558555344055,36.5152506336476
"LL0000040185","LL0000040185","ENSDARG00000076872","mpp4b",1.66813269125875,3.17802988488094,5.74457483062463e-06,0.000183371754172246,21.9209835696999,7.04969981797695,11.0236960803843,9.04228996999503,38.4998522049849,24.8473637867313,30.3296333890514,39.1628546683162
"LL0000009545","LL0000009545","ENSDARG00000056765","ela2l",1.65838718417733,3.15663441346156,0.000111702239401433,0.00242027519360607,4.89187635307281,3.91628546683162,5.91659475565449,2.01419994799342,17.6479352705062,13.0815895711039,8.77925500071831,8.13001678093456
"LL0000021582","LL0000021582","ENSDARG00000094273","peak3",1.65832210589875,3.15649202460276,6.07626888037439e-05,0.00144332856823663,6.15121766666329,6.04077178948507,4.06500839046728,0.978375270614562,10.7697850337869,13.8053877631938,9.06389976597037,13.028004458636
"LL0000039820","LL0000039820","ENSDARG00000069865","grxcr1b",1.6551309891704,3.14951785305753,0.000557675498652699,0.00932545801198533,9.4831272361059,14.3065611880971,10.3352838327631,11.3198018810105,10.779575747454,41.3569973420249,38.9143429952328,27.8799295414811
"LL0000024751","LL0000024751","ENSDARG00000105657","si:cabz01080528.1",1.6457800888376,3.12917010868097,7.74021425425573e-12,8.29189725429014e-10,25.4558555344055,17.7497842669635,40.2839989598683,36.0775508085305,74.8398149444033,79.5368285615534,75.2026552236447,90.0105248965397
"LL0000000823","LL0000000823","ENSDARG00000117407","AL954191.1",1.63890201837437,3.11428724810441,8.69810397924807e-10,6.8789211146471e-08,16.7636851410211,22.1561994279276,20.043083782517,18.4536529999899,39.265016631653,59.9588737593924,45.9836377188844,58.7442820024743
"LL0000007662","LL0000007662","ENSDARG00000101517","CT583728.4",1.63366547293814,3.10300382004036,1.44821409116513e-11,1.46503750418318e-09,37.6061311952506,40.2229833471911,39.0855499908122,29.6236778305601,90.6074362299502,84.3191062282291,108.850762175738,105.674312979079
"LL0000002117","LL0000002117","ENSDARG00000099172","BX000701.1",1.63025875519501,3.09568516525214,0.000639797727897295,0.0104263764275336,56.53994238608,47.128087910966,34.6033839238527,10.4294803847512,119.867707426049,53.3282407309658,122.876267827338,85.6340754608037
"LL0000026426","LL0000026426","ENSDARG00000102731","si:ch73-299h12.2",1.62985498402375,3.09481888825484,0.000326790826498768,0.00594927456582626,9.78375270614562,11.3572278538117,5.48271114023983,4.10896789390657,14.0902878991094,26.3272116133189,26.2169495663652,16.9815725511771
"LL0000028797","LL0000028797","ENSDARG00000012881","slc4a1a",1.62822616490314,3.09132677419678,3.76554521920449e-21,1.20537792141892e-18,1425.52790992671,1465.34330115043,2352.58553925631,1297.78967491797,5995.38681910782,4257.73731628873,3379.03822457593,3919.37133408194
"LL0000024662","LL0000024662","ENSDARG00000019492","shbg",1.62499807038859,3.08441752539017,0.00406214241345052,0.0450978312779815,3.02129992199012,2.0043083782517,3.07560883333164,2.01359059649502,6.09751258570092,2.93512581184369,8.81164230037114,8.87489213348174
"LL0000027971","LL0000027971","ENSDARG00000091013","si:dkey-84h14.2",1.62358647344951,3.08140107017427,0.000670257925117009,0.0108389912128888,21.7274698470476,4.42225622317782,7.27450025463973,7.18866262812021,18.8327695137384,31.6279862088118,31.2276816877606,25.2101542681177
"LL0000007792","LL0000007792","ENSDARG00000103841","CU024870.1",1.62059693646074,3.07502243550744,0.000167463650372622,0.00340386039739197,36.7189294895711,66.1358419460748,39.6878706569169,72.98722565084,55.0727439828937,182.028948498334,102.435977202898,216.838695401231
"LL0000024769","LL0000024769","ENSDARG00000105350","si:ch1073-153i20.4",1.61396488033762,3.06091902649587,0.00230586065780518,0.0290544926090551,2.14264184264589,1.12593207171409,4.96007860349035,4.7736538767444,10.973588370928,10.631354533883,9.99747731159779,3.70932015630139
"LL0000008405","LL0000008405","ENSDARG00000096899","CU929451.1",1.6067881114765,3.04573012037785,8.85584577956936e-06,0.000266956095478521,3.90495253873196,14.5525946242524,11.0938468736231,14.6193939877697,24.9181836316259,29.0241599079364,22.5124149768411,37.8900618915959
"LL0000001464","LL0000001464","ENSDARG00000097938","asb5a",1.60567904148171,3.04338961892969,1.68837301206027e-10,1.47398252991196e-08,23.4810064947495,15.6651418673265,23.666379022618,24.170399375921,46.099092699789,72.7894090555155,47.3193790176331,66.0563863450933
"LL0000013264","LL0000013264","ENSDARG00000076950","kel",1.60551166641718,3.04303655887739,3.41974444573149e-14,5.02478187985104e-12,29.3721410012371,23.666379022618,31.2200991938979,28.0603172955238,82.0162355555105,69.4688755790783,53.8613611736915,91.9672754377688
"LL0000021813","LL0000021813","ENSDARG00000059001","pim2",1.60482484136153,3.04158820266106,3.30564078472851e-24,1.53250646656146e-21,297.004612983016,302.843125089813,347.32322106817,302.533052312742,1054.13996563244,832.871678495277,744.600562520505,642.802246166313
"LL0000027164","LL0000027164","ENSDARG00000093304","si:dkey-221j11.3",1.59849346001788,3.02826919928738,2.94382095988233e-05,0.00077150489074343,147.734665862799,165.463060973636,124.248489868744,155.093395995493,142.30589485587,491.072210388619,452.051088913133,452.232183439485
"LL0000006126","LL0000006126","ENSDARG00000043722","cpa4",1.5942945095427,3.01946826372986,0.00111910250430293,0.0162921208652959,5.87025162368737,0.979071366707904,5.91659475565449,3.02129992199012,7.01507932388094,16.4032471111021,8.0543623859801,11.178773073785
"LL0000010316","LL0000010316","ENSDARG00000104015","fgfr1bl",1.59312507741396,3.01702170893753,1.11414610467803e-07,5.4868634814446e-06,24.4767841676976,18.0061700397085,61.795654404438,42.4813160770447,113.489965949938,106.237039871077,75.7514313563578,83.3967080671853
"LL0000027408","LL0000027408","ENSDARG00000095635","si:dkey-261j4.5",1.58978820188511,3.01005156494235,2.05481494931753e-05,0.000567851173403896,4.7802754821303,8.18111949666217,9.09136154317503,4.94914771539392,11.9850970650284,19.5520551931568,17.2665956952517,19.4370294981365
"LL0000023642","LL0000023642","ENSDARG00000002194","rhd",1.58315767424529,2.9962493154124,4.05946305555534e-14,5.84110233965802e-12,36.0775508085305,44.0837266110869,50.3397649123756,30.4875629285046,127.188785179893,90.0745657371272,90.7211195867022,94.6673975556905
"LL0000025508","LL0000025508","ENSDARG00000098376","si:ch211-207l14.1",1.58027689509028,2.99027236233458,0.0012977300807544,0.0183006151930992,7.17642061110717,8.0543623859801,7.11376468331774,7.8270021649165,6.85349956695533,32.5412711560997,17.120699557944,20.043083782517
"LL0000011529","LL0000011529","ENSDARG00000090638","gp9",1.57876102098598,2.98713206189436,1.80484952015511e-06,6.55843303100592e-05,11.0780997139638,6.01292513475509,9.22682649999493,5.03397649123756,25.4063024404205,15.654004329833,18.6023559674502,19.7219825188483
"LL0000026744","LL0000026744","ENSDARG00000093764","si:dkey-145c18.5",1.57716969888012,2.98383901068513,2.00060882584855e-06,7.16303205302817e-05,15.7812565925284,6.83469156983829,10.4775740922165,17.5987818133665,27.1745810902738,34.9671321717645,34.1010557024363,29.5435298132348
"LL0000011952","LL0000011952","ENSDARG00000079305","hbae3",1.5729965922505,2.9752204971758,2.48067186839546e-20,7.49469504149274e-18,11645.6008461251,11787.0401837965,18318.7634626322,9921.94894381557,42824.0528097257,31211.2784406495,26371.9960422953,34338.1421263747
"LL0000012738","LL0000012738","ENSDARG00000019782","impg2a",1.57103063329389,2.97116892861461,0.000638559645618869,0.0104125108011193,4.89187635307281,4.89535683353952,2.95829737782725,2.01419994799342,10.0215418912585,13.3276382777705,10.0679529824751,6.09751258570092
"LL0000027727","LL0000027727","ENSDARG00000090824","si:dkey-51d8.3",1.56911317418019,2.96722262637853,2.10287845447706e-06,7.46952427509031e-05,10.9161173241825,10.5141237285256,9.6307017574994,10.2315253855499,33.4054679958524,23.5872111856864,29.1849343224324,17.96595957909
"LL0000000403","LL0000000403","ENSDARG00000062785","adpgk2",1.56790777417714,2.96474448908673,1.03110420049504e-34,1.20545047161352e-31,159.475169110174,142.944419539354,177.497842669635,169.192795631447,528.135257669322,412.13158366644,343.317196702402,407.517091144345
"LL0000025412","LL0000025412","ENSDARG00000098928","si:ch211-196h24.1",1.56669378879867,2.96225079326656,0.000300512639980756,0.00556124182824677,7.48977795943597,5.11690266531416,2.36935270743313,4.03314542510448,18.7622725155587,12.6572074086595,10.5903464161053,8.14497396282237
"LL0000010335","LL0000010335","ENSDARG00000095962","fhdc5",1.56452859596365,2.95780838965508,0.000226134494713245,0.00439344684128933,12.0851996879605,19.0409295933911,13.3276382777705,18.1223153684552,16.2600335618691,48.9187635307281,37.2047119349004,51.2771545490056
"LL0000026385","LL0000026385","ENSDARG00000010183","si:ch73-265h17.1",1.56067428996536,2.9499168510268,0.000288067988381461,0.00539781194396453,2.76098125411629,4.84174670837726,6.36487183565919,5.2613094929107,7.70952614221799,13.0279311593228,13.0283518914476,15.5268155446531
"LL0000025509","LL0000025509","ENSDARG00000097157","si:ch211-207n23.2",1.55750493557975,2.94344350099908,9.59225827211096e-06,0.00028690348462602,6.04077178948507,5.0812604880841,5.87025162368737,7.83257093366323,22.6802798966756,14.0993996359539,13.028004458636,14.3528412222143
"LL0000004046","LL0000004046","ENSDARG00000109561","CABZ01027551.1",1.55029337054096,2.92876689305344,4.10525265121929e-12,4.63807304784183e-10,21.5292618333215,23.1562918596928,19.3087898547196,16.6323796004476,48.9535683353952,51.2771545490056,47.3336987778453,52.1120178345441
"LL0000013667","LL0000013667","ENSDARG00000059015","lim2.2",1.53550419722123,2.89889724706272,0.000144077040121555,0.00300316862932442,4.00861675650339,4.10081177777552,3.02038589474254,6.09751258570092,10.7621279767602,8.81164230037114,10.8470903853666,12.0851996879605
"LL0000028192","LL0000028192","ENSDARG00000103755","si:dkeyp-4c4.1",1.53380724053301,2.89548945059556,4.44453146114244e-08,2.4691943483194e-06,41.0388738660886,28.3916274105798,25.61971538092,20.9959333073885,54.0936930106117,70.9498321115568,71.3933171566266,84.8724382770681
"LL0000025246","LL0000025246","ENSDARG00000109749","si:ch211-162i8.7",1.53371956020422,2.89531348149244,6.25808047965216e-05,0.00147867773301728,5.61791776422112,3.63818250946822,7.05408570113099,9.74176009874365,14.6435720202449,16.5466525727659,19.8426529446918,14.4963696344365
"LL0000025741","LL0000025741","ENSDARG00000097839","si:ch211-235i11.6",1.52975798574113,2.88737398909539,2.80362723797526e-11,2.75134061320864e-09,18.3306286466566,12.2728346856372,27.5099442824873,20.1056118111293,50.4809196674595,47.5003948966461,39.6193129770305,53.2544736101476
"LL0000025688","LL0000025688","ENSDARG00000115299","si:ch211-227e10.3",1.52596200140648,2.8797867864265,2.82372895328076e-05,0.000742929684152155,7.67046212161817,2.06584058375368,7.5535193047189,4.36074288740575,15.8741223557534,15.3677921372138,11.0143405628278,13.353552562685
"LL0000003830","LL0000003830","ENSDARG00000098951","BX957297.1",1.52343999681374,2.87475697011885,0.000352743508250826,0.00636144882183531,14.1375226603804,11.7488564004949,8.4114255442888,5.03549986998354,14.0301586477619,36.3434443805356,21.4145359937246,28.7192842786514
"LL0000039108","LL0000039108","ENSDARG00000092889","zgc:194246",1.52208825059574,2.87206470194288,0.000290564458658867,0.00542568592283214,59.4009225966032,75.2026552236447,16.6323796004476,29.3721410012371,150.87316626919,117.830696957615,75.1615641844386,118.92354155549
"LL0000038965","LL0000038965","ENSDARG00000078093","zgc:172065",1.52065543750634,2.86921372582806,0.00160729606710114,0.0217914997887017,15.0762866107307,13.4088230505038,16.2699707283244,3.28215267228689,15.3149191110855,33.0788678994783,35.2074063468162,28.6757625824054
"LL0000002083","LL0000002083","ENSDARG00000105241","btr26",1.50956122780182,2.84723431955728,7.26636552773761e-08,3.76464937717412e-06,22.337477423247,42.4712945351535,22.0623673644323,24.6362809481166,73.4445390947676,83.2793030347115,47.817845550014,67.1829334504567
"LL0000005784","LL0000005784","ENSDARG00000003701","cldng",1.50660529001219,2.84140659356957,0.00104796037251693,0.0155254030063954,4.00861675650339,4.10081177777552,6.04077178948507,4.06500839046728,17.6107548710621,13.7069991339107,6.90269388159691,6.04259984398025
"LL0000009793","LL0000009793","","erp27",1.50437349135194,2.83701443529702,0.000567862299500246,0.00944879292776122,3.91350108245825,5.87442820024743,3.94439650376966,2.01419994799342,14.0301586477619,11.2772323888827,5.03397649123756,10.1625209761682
"LL0000003023","LL0000003023","ENSDARG00000113834","BX537305.1",1.49693474043639,2.82242401304009,0.000726784209223255,0.0115294988801204,42.3878749915976,55.3271215532535,21.3437557942323,27.3741117361614,38.5014320058941,111.339330411882,93.4677524449486,116.667439160922
"LL0000000858","LL0000000858","ENSDARG00000038643","alas2",1.48615508212317,2.80141376282372,2.10524942123373e-22,7.86222940104915e-20,761.725787721804,719.858638246971,1033.52838327631,580.176535474435,2338.02242369848,1743.42325466619,1465.33046216521,1756.77629353761
"LL0000006188","LL0000006188","ENSDARG00000101146","CR293511.1",1.48435815142378,2.79792666917862,2.42406856364708e-14,3.64138433563723e-12,38.9577118888675,37.2514260351579,54.8776132713083,30.3296333890514,111.614135804701,94.6655160904719,69.4898982057728,106.22834404734
"LL0000024991","LL0000024991","ENSDARG00000075517","si:ch211-120k19.1",1.48152515622037,2.79243782009915,2.72275439757399e-13,3.5888305390376e-11,25.6385772745028,37.2626990378782,41.0883217541598,41.0081177777552,93.6319627370186,90.446436687897,81.2051474610087,76.3675666032165
"LL0000031292","LL0000031292","ENSDARG00000022160","ttc23",1.48140530348161,2.79220584632123,1.32909178792925e-12,1.59544415560847e-10,33.2884264680687,50.2910554230632,39.2768989858716,50.1077094562924,107.656561196052,129.876593473929,81.3001678093456,102.729403414529
"LL0000011637","LL0000011637","ENSDARG00000102888","gpr39",1.47856519225457,2.78671447473112,2.05253209575872e-09,1.49163609521233e-07,54.3669461053656,36.5850755142055,24.4593817653641,30.351212367945,96.6377143423567,89.631897685707,73.1572558061869,93.2934679443932
"LL0000008670","LL0000008670","ENSDARG00000035601","dao.3",1.47839161848165,2.78637921922989,0.00149707895451701,0.0206013080900756,4.2461486744672,2.20291057509278,6.15325854588067,3.2730749154893,14.0301586477619,13.8914998972146,4.76214176071073,7.27636501893643
"LL0000010939","LL0000010939","ENSDARG00000089388","ftr35",1.47298201055245,2.77595082355504,0.000926942826046457,0.0141135705829916,2.92058992459045,2.71583785253105,4.91072210388619,2.89957045895283,10.5893468571673,8.9423499734171,5.04221753854571,7.58310227849717
"LL0000031356","LL0000031356","ENSDARG00000053066","tubb1",1.47268711541018,2.77538346127068,1.61194761448138e-15,2.88957729371932e-13,139.907663697882,131.195563138859,199.192023440368,101.717097373667,422.909067811108,358.821030555358,283.916274105798,326.216923334999
"LL0000002080","LL0000002080","ENSDARG00000099509","btr23",1.47018021856685,2.77056500802222,5.16039457677869e-09,3.50398610542935e-07,28.9403405047787,33.0044957717235,21.8420956396245,22.1058444292277,56.2609361775251,65.3259316199641,61.726619735555,74.6640416119078
"LL0000039056","LL0000039056","ENSDARG00000109869","zgc:174719",1.46937411046023,2.76901738290745,6.90184949694734e-07,2.79073430260777e-05,11.6155493605492,15.3737642042395,16.7579970897014,6.62360058206059,34.1108464161034,27.8671612991327,20.5146264703129,36.1577231436606
"LL0000001058","LL0000001058","ENSDARG00000028804","ankrd9",1.4662615011378,2.76304967790449,5.60234353087726e-13,7.00657745124458e-11,192.413604312163,138.402397499924,147.998908842384,179.876621278177,497.014637472198,384.775047116206,355.981784465212,277.959592823091
"LL0000013352","LL0000013352","ENSDARG00000017400","klf1",1.46465423710542,2.75997315972596,0.000223973894782437,0.004367247321831,31.0667798629013,48.1845383888624,47.3193790176331,37.6013276118224,35.2215097421242,114.551349904825,104.526507349896,114.809397035625
"LL0000002575","LL0000002575","ENSDARG00000105779","BX322787.1",1.46028218121143,2.75162178191391,0.000213551106816132,0.00419136913224742,3.91350108245825,5.87442820024743,2.95829737782725,10.0709997399671,14.0301586477619,12.3024353333266,12.0815435789701,17.2762856594859
"LL0000024161","LL0000024161","ENSDARG00000045999","saa",1.45935598312262,2.74985583078387,0.00332508815846881,0.0385048645534315,3.02038589474254,2.03250419523364,5.87025162368737,4.89535683353952,4.93049562971208,14.2303226325735,7.08523011711975,12.3024353333266
"LL0000027861","LL0000027861","ENSDARG00000089205","si:dkey-73n8.3",1.45698900679105,2.74534794312096,1.68906179317941e-22,6.48816893668588e-20,146.992113544137,103.657713956916,110.556405579446,101.823422137622,300.760233412437,273.931192927105,228.491155120693,296.283650944282
"LL0000002130","LL0000002130","ENSDARG00000101163","BX001023.2",1.45644994747994,2.74432234250403,0.00252391215323561,0.0310739349305643,21.5395700675739,37.4717667858118,21.1490994539309,24.0517005390204,19.4788559444337,88.7993453054306,74.1864031260279,60.6592667781028
"LL0000038871","LL0000038871","ENSDARG00000045144","zgc:163057",1.45568488489013,2.74286741149415,6.65502542512025e-08,3.50189782105789e-06,47.7638485879906,50.8755140719572,52.8698538022268,29.5829737782725,168.18569565745,84.1809518865713,76.8902208332911,111.754278105474
"LL0000039227","LL0000039227","ENSDARG00000093176","zgc:77118",1.45362214327719,2.73894850709545,2.48157931485723e-05,0.000664613408338607,5.63975985438156,7.01507932388094,8.20162355555105,14.9911819909055,21.3412940499532,17.6107548710621,20.4919637051964,23.2226344159439
"LL0000032142","LL0000032142","","wu:fc34e06",1.45332688752368,2.73838802304548,0.00259090639402638,0.0316725448199518,178.809354507138,308.444509035972,264.37829663329,313.76336114705,147.515647099225,634.618947398776,701.054800158864,889.975872337485
"LL0000027740","LL0000027740","ENSDARG00000090642","si:dkey-54n8.4",1.45050785992208,2.73304243436079,5.44501555762455e-14,7.60248051281416e-12,80.5679979197366,71.1529474279352,73.8146119999594,103.699915719494,192.071646449579,244.593817653641,142.944419539354,178.483941795577
"LL0000008886","LL0000008886","ENSDARG00000111240","dhrs13a.2",1.44808492733024,2.72845628144784,5.05986649940327e-15,8.14699103607512e-13,170.358417807175,155.803661898902,247.74659360319,196.422221068666,531.05512522193,498.363672632518,447.150922951401,323.84221457342
"LL0000004141","LL0000004141","ENSDARG00000104040","CABZ01046088.1",1.44542137153858,2.72342355395704,0.000283385111244707,0.0053211887264378,5.60786010610803,2.225017609127,4.40037158268083,7.72916463785504,11.7390656868278,10.7386194815129,12.9110216666378,11.3143207952308
"LL0000025853","LL0000025853","ENSDARG00000096299","si:ch211-255a21.2",1.44237502085932,2.71767892338746,0.00269105897172316,0.032682874747364,9.18197312001731,0,6.88776190512652,5.19886895721897,11.1429201231493,13.3239326559764,8.72876298728614,17.6437426738792
"LL0000030119","LL0000030119","ENSDARG00000071450","tdrd5",1.43470075997055,2.70326090460078,0.00275797553051958,0.0332677522357545,5.91659475565449,4.02839989598683,4.00861675650339,2.05040588888776,7.04756708773258,14.2275293666355,4.89187635307281,11.7488564004949
"LL0000011158","LL0000011158","ENSDARG00000013477","gata1a",1.43315879614844,2.70037318154101,5.73027457429574e-07,2.34880111323534e-05,23.5796677222093,21.1427012631978,49.7963527832242,21.5242559535204,88.1164230037114,70.9991370678539,44.3123988558552,61.1314055366767
"LL0000004795","LL0000004795","ENSDARG00000011166","cahz",1.43253975323914,2.69921473278175,1.32255047450054e-22,5.30777010579774e-20,1020.19296453011,1071.33707694386,1402.46585045878,888.204333317101,3262.88152749956,2370.33177879984,1936.6986833509,2333.45063975037
"LL0000039671","LL0000039671","ENSDARG00000100896","znf973",1.43194767306008,2.69810720582545,0.00256644931908241,0.0315398792234036,11.5373597735263,27.5139712895901,21.9271336580736,27.7522437060959,17.1658598351201,55.8328902430681,54.2117737447529,70.2092077066238
"LL0000029346","LL0000029346","ENSDARG00000091658","sptssb",1.43109776487477,2.69651818804401,0.000342080154473672,0.00619824344585078,23.4810064947495,12.7279277672028,13.8053877631938,5.03549986998354,48.1034010780407,31.7812912777603,27.1834730526828,25.4063024404205
"LL0000020903","LL0000020903","ENSDARG00000053929","opn4b",1.43073530123366,2.69584079815682,0.000346588911752042,0.00626305729039022,4.02839989598683,4.00861675650339,4.10081177777552,5.03397649123756,10.1625209761682,8.80537743553106,8.81164230037114,11.833189511309
"LL0000011950","LL0000011950","ENSDARG00000089475","hbae1.1",1.42234773046171,2.6802131344632,2.26518310718545e-17,4.95191126578127e-15,14382.5339613029,14714.0905459325,21859.809320083,12167.7422940272,47866.208089397,33793.4209054549,27571.115728102,37274.2363858256
"LL0000007200","LL0000007200","ENSDARG00000104899","CR931813.2",1.42133330356102,2.67832921266149,0.00130399467343068,0.0183602371596206,253.266181140001,393.562022154877,181.640551310046,195.520282298453,213.20120432655,749.236925049833,600.442389355922,796.612712839789
"LL0000019625","LL0000019625","ENSDARG00000043802","ms4a17a.8",1.41834766819519,2.67279218261364,7.83181044227587e-08,4.00360363084327e-06,41.1308963766362,25.4852276754067,24.760949052414,40.1430049635088,71.2331197630653,104.560448303831,67.7069838071452,65.1112718943097
"LL0000011951","LL0000011951","ENSDARG00000089124","hbae1.3",1.41486388417499,2.66634577712247,1.43844110258955e-16,2.86505502278002e-14,4737.29980312471,4980.14536998766,6731.14501825784,3567.86441351981,14819.5063303608,10649.7121800863,9275.16481882546,11965.8527312485
"LL0000013145","LL0000013145","ENSDARG00000043443","kcnj13",1.40818626706271,2.65403292256394,5.47367098186518e-20,1.54927935822498e-17,244.18505401537,195.675054122912,217.833588378842,231.309271972312,445.762590490423,611.41427078568,426.484424888655,568.839343509844
"LL0000024299","LL0000024299","ENSDARG00000098738","scn4aa",1.40411791891541,2.64655918792473,2.29816530089338e-05,0.000621683770379499,32.2271991678947,30.0646256737754,23.5796677222093,14.0951341754652,44.7150922951401,80.2267721903941,47.9744969686873,49.3049562971208
"LL0000024407","LL0000024407","ENSDARG00000093549","selenop",1.40351261905894,2.64544902545996,7.44372631290482e-05,0.00171511873888344,186.146896720473,182.349582937142,472.725027987577,562.865381087931,922.100736191386,656.390950793648,833.582262097875,755.438784087038
"LL0000003817","LL0000003817","ENSDARG00000100405","BX957252.3",1.4008859820017,2.64063698093105,2.67374408355154e-06,9.19592821968596e-05,27.3454632721518,25.9245460210261,24.2610383735807,11.7352255546637,44.3092712588645,60.478193565728,51.6764191638153,47.3924981085694
"LL0000024506","LL0000024506","ENSDARG00000057263","SERPINB8 (1 of many)",1.40041838850715,2.63978125982358,8.91202211955826e-05,0.00200364015696323,8.18772278859324,5.83253738071244,5.73088445944129,10.2089043242298,19.034401788363,23.2657639352143,12.257973511183,12.8192886372514
"LL0000011958","LL0000011958","ENSDARG00000038147","hbbe3",1.39822252459499,2.6357664187797,3.84996920177788e-15,6.31230621137838e-13,1350.19227783259,1686.38212456458,2485.75263077074,1552.68155446531,5329.08544899112,3799.43993225613,3065.61232084598,3553.63875464026
"LL0000030393","LL0000030393","ENSDARG00000060668","tm4sf18",1.39753890992118,2.6345177683595,1.83934365222247e-15,3.2538231226717e-13,52.8698538022268,42.4022624155239,51.3620986738321,44.8363784214905,144.194794136032,106.639757990376,91.3305760128237,97.690770770864
"LL0000028031","LL0000028031","ENSDARG00000099600","si:dkey-93h22.7",1.39052425152098,2.62173933135964,7.1891543123198e-08,3.73183726455535e-06,33.8316971666481,41.278607228148,50.812604880841,22.5026312241349,113.572278538117,69.0269388159691,66.4685982837827,80.1723351300679
"LL0000038724","LL0000038724","ENSDARG00000092903","zgc:153317",1.38723984669272,2.61577753147981,0.00374497079906,0.0422238499095932,4.10081177777552,2.01359059649502,10.1625209761682,2.93512581184369,10.7697850337869,15.7775860150786,8.05679979197366,8.01723351300679
"LL0000010490","LL0000010490","ENSDARG00000029232","FO704779.1",1.37906785979696,2.60100263313041,9.94928780784778e-06,0.000294957441968268,34.2674978347766,61.1381458084297,50.3549986998354,30.0646256737754,69.7138002221839,127.863002877434,81.3001678093456,117.405032473747
"LL0000018463","LL0000018463","ENSDARG00000099332","ly6m5",1.37790612697598,2.59890901406015,0.000232847233731244,0.00447536044874869,20.1042297405445,11.0747482807226,11.2803982835467,4.93101136389739,38.027131882935,24.6820611223387,18.8529115132184,23.4103218579798
"LL0000026605","LL0000026605","ENSDARG00000113572","si:dkey-102c8.3",1.37720053278909,2.59763824880362,3.97156355484876e-17,8.4755057481213e-15,399.829148333114,441.963000024693,323.320604856791,302.288607361781,931.096869739217,795.190335159964,697.36637699402,816.194457791656
"LL0000018984","LL0000018984","ENSDARG00000097766","mhc1lia",1.37593366947164,2.59535820482152,0.000133343040965387,0.00280772202703077,15.1929688593715,7.09322071195558,21.4906164992385,12.8192886372514,46.3265988038486,29.1326222778884,31.9760798372047,20.1359059649502
"LL0000004271","LL0000004271","ENSDARG00000102282","CABZ01063298.1",1.37279222386442,2.58971300182725,1.12717724206468e-18,2.91429508287281e-16,114.04236391524,116.2394789987,122.914211296285,170.214444866018,305.975159090401,298.534216195917,225.945984995727,318.46254344908
"LL0000012035","LL0000012035","ENSDARG00000096667","hemgn",1.37170139938716,2.58775565494798,6.64993927724286e-18,1.56851067741915e-15,212.884675133023,233.939312361187,230.49080969778,156.11056696923,514.756499244492,527.559183181377,385.763686476517,475.494193953934
"LL0000010567","LL0000010567","ENSDARG00000055751","fosb",1.37168549977051,2.58772713603373,1.69444050251943e-10,1.47449225476521e-08,34.5134694079845,31.2200991938979,27.0581631063979,28.7056824444287,75.5096473685634,72.1538989307943,43.0485119070407,79.3047807033402
"LL0000008934","LL0000008934","ENSDARG00000087706","dicp3.3",1.36791917082801,2.58098037352307,0.00182964033864648,0.0241510296584095,6.96913182005722,3.73803512543941,5.43357560555257,1.00679529824751,13.292577436828,9.43153760872438,7.36261667764344,7.88879300753932
"LL0000018324","LL0000018324","ENSDARG00000055463","lrit3a",1.35356145379255,2.55542181870101,0.00133069119338207,0.0186658369989258,3.91628546683162,4.93049562971208,6.04259984398025,4.00861675650339,12.3024353333266,7.04756708773258,13.2112772690187,9.78375270614562
"LL0000039497","LL0000039497","ENSDARG00000114716","znf1117",1.35277742606192,2.55403346065746,1.112914084047e-06,4.27067089997625e-05,34.6344845797555,20.4136379958598,13.6574728943025,25.6105523387363,59.7283896719006,55.3917150883029,46.8059134155268,50.8227674018172
"LL0000031084","LL0000031084","ENSDARG00000052037","trim35-1",1.3519583826647,2.55258390236466,1.26543077788788e-05,0.00036864754265035,20.560498700866,9.86099125942415,16.1135995839473,17.0366212151394,26.6552765555409,35.2378354386629,33.5363192213551,44.0268871776553
"LL0000007873","LL0000007873","ENSDARG00000117307","CU207269.2",1.34898628374619,2.54733073208986,0.000273819586804556,0.00517045988032844,5.19674239371653,6.80799582421774,5.61206345910475,6.48953463832977,11.6486216007237,13.4450152514705,9.49024012496125,18.1128202840962
"LL0000009712","LL0000009712","","epha8",1.34535358586195,2.5409246364765,0.00224948303804347,0.0285312968914862,8.60063377793188,4.27919838756737,8.31439587943987,4.29901592351688,8.67879291364765,11.8676920325546,12.5516949211953,21.06307733013
"LL0000025717","LL0000025717","ENSDARG00000104166","si:ch211-232d10.1",1.34228614163805,2.53552788641441,7.73722210176044e-07,3.0821654088035e-05,18.0949189610433,21.0282474570513,15.1625928814741,13.2763781305483,37.0299310695435,35.3045978712083,38.3425268553847,34.5416378174549
"LL0000025582","LL0000025582","ENSDARG00000091411","si:ch211-214p13.9",1.33922623186266,2.53015581233821,0.00336437290003525,0.0388426890979167,2.93512581184369,3.91628546683162,5.91659475565449,1.00709997399671,9.01938770213263,8.20162355555105,7.04756708773258,7.11376468331774
"LL0000028280","LL0000028280","ENSDARG00000094192","si:dkeyp-82a1.2",1.33837376453476,2.52866122200832,2.96169981755171e-07,1.31226067939933e-05,15.7775860150786,21.2296674518506,18.0989046556128,15.3780441666582,33.6672347733968,43.8817655750943,28.490287880296,46.0163542352715
"LL0000012861","LL0000012861","ENSDARG00000006560","irf4a",1.32875149280063,2.51185205331849,0.00259137932254431,0.0316725448199518,6.09751258570092,1.95675054122912,6.85349956695533,2.95829737782725,10.0709997399671,9.01938770213263,12.3024353333266,8.0543623859801
"LL0000029449","LL0000029449","ENSDARG00000076614","ssuh2.3",1.3219256620304,2.49999578418369,0.00103335080656442,0.0153343100649617,8.53994052721753,6.04077178948507,6.3922256940098,4.89187635307281,9.24243370172262,12.5431808819875,17.120699557944,15.6736915179283
"LL0000007764","LL0000007764","ENSDARG00000039173","ctslb",1.31902187328858,2.49496897078462,3.20621578662377e-10,2.70256853562779e-08,401.756505891459,247.69623860449,377.341116831556,453.857343505306,1098.12169975154,778.123906103247,681.97648238188,570.436350385026
"LL0000027762","LL0000027762","ENSDARG00000104697","si:dkey-57k17.1",1.31804674382822,2.49328317049571,1.34038117981697e-13,1.80207547720493e-11,87.5207152766562,131.431883784783,120.457563318065,139.126041209193,289.420093464099,303.368725167028,183.524496654617,266.388733084298
"LL0000028655","LL0000028655","ENSDARG00000054447","slc29a1b",1.31777201801115,2.49280843118965,0.00241069082190765,0.0301213129694585,86.3814282974297,127.541000277314,94.8230618656605,91.7072187126446,64.4543983357893,254.306647032575,260.442556006524,270.827935228581
"LL0000011957","LL0000011957","ENSDARG00000045143","hbbe2",1.31774329537334,2.49275880232221,3.4719672224449e-17,7.46861813154566e-15,546.174033073587,632.550216721875,825.57214456296,540.646115932149,1777.70786670666,1210.13220925097,994.974018075897,1340.45006538962
"LL0000002077","LL0000002077","ENSDARG00000102992","btr20",1.31503212716196,2.48807871263598,2.20179089575397e-05,0.00060239443086693,18.3538782870521,9.80683274200232,12.3177446570373,10.6914593244503,21.8519566308839,35.5304870826039,25.5950179902742,27.147373968874
"LL0000039446","LL0000039446","ENSDARG00000090366","znf1065",1.30588984651698,2.47236174344677,2.17862973457052e-05,0.0005977670911517,58.6987211583476,49.2905461335616,23.0962935406395,70.2990066884348,137.368436453151,99.5339540639792,82.4160647038436,122.39610440795
"LL0000025927","LL0000025927","ENSDARG00000102542","si:ch211-268b14.2",1.302584198784,2.46670330504683,3.48784735264071e-08,1.98276379418934e-06,28.8119329373681,27.5061949994293,37.8857070730539,38.5667671045583,68.0949188347735,91.7683592015319,57.7065208501501,55.1286525765798
"LL0000029732","LL0000029732","ENSDARG00000013438","sycp3",1.29893737990042,2.46047589036265,0.000233534954172522,0.0044853724162464,10.2520294444388,5.03397649123756,11.178773073785,3.91350108245825,18.6023559674502,18.7358833929059,10.0709997399671,16.0344670260136
"LL0000026671","LL0000026671","ENSDARG00000062537","si:dkey-117i10.1",1.29768176774551,2.45833541067277,0.0011820577229445,0.0170151767196224,15.5507832161119,14.5425236245125,7.06518703333723,20.9346441255441,19.4915569740718,34.9895597209471,22.9820351067361,44.1952814931948
"LL0000007870","LL0000007870","ENSDARG00000113016","CU207245.1",1.29651398183652,2.45634632233498,1.44438053836067e-15,2.62418569567434e-13,78.0221972129529,86.3724224412962,82.9749668575888,115.127473246777,234.402401217649,201.117428777923,158.779227731652,181.380991419234
"LL0000003918","LL0000003918","ENSDARG00000093198","c3a.4",1.28746318869502,2.44098459223168,0.00138572226853477,0.0193184837016504,13.3276382777705,4.02718119299005,11.178773073785,5.87025162368737,11.7488564004949,22.6802798966756,15.1064996099506,21.0452379716428
"LL0000019835","LL0000019835","ENSDARG00000035438","myhc4",1.28659511422189,2.43951628535462,1.91425414352686e-41,3.43149197768625e-38,5130.88224151478,5487.59233091324,6102.18994944163,4740.01894835311,13266.1876132805,11564.9468434864,9166.37034504225,11538.997076639
"LL0000039765","LL0000039765","ENSDARG00000100450","btr18",1.28574607595585,2.43808103170376,0.00380769472580863,0.0427316792496946,5.93631673817334,3.46442391054868,14.8920112504101,12.1691589505489,27.2237448646127,24.3900503428037,13.9711988643759,10.3487843461025
"LL0000030091","LL0000030091","ENSDARG00000079497","tcima",1.28385032742789,2.43487941736149,9.26708045659266e-16,1.7304342110925e-13,389.224553387242,311.123336055431,394.565760783285,470.369283074532,985.950874542777,825.775051839699,811.960731999554,676.566440422328
"LL0000008367","LL0000008367","ENSDARG00000100247","CU929199.1",1.28377194082247,2.43474712554533,0.00120123734817962,0.0172175218844359,8.81164230037114,4.93049562971208,6.04259984398025,5.01077094562924,16.4032471111021,11.2056316694948,7.11376468331774,18.5891301416767
"LL0000010942","LL0000010942","ENSDARG00000095678","ftr38",1.28241635187745,2.43246045645767,0.000973305702956792,0.0146453369036403,9.10142949615751,13.8515160905173,11.2121806012429,6.51082458860756,12.740400707176,23.9286953821618,18.0788615718303,31.2789418349828
"LL0000039173","LL0000039173","ENSDARG00000026236","zgc:56585",1.27771764549113,2.42455107495944,5.03383802717228e-14,7.08664244568773e-12,104.267465215486,89.5996072828816,87.0394445003327,76.7283729895793,239.478302816677,199.138058921197,127.88381528993,199.2347215702
"LL0000040426","LL0000040426","","hbbe1.2",1.26863835423786,2.40934059586595,4.61202305351395e-12,5.18881539271701e-10,7510.33802399388,7381.33783941407,12459.2118055139,6543.86014235585,23358.0234336026,16378.223680822,13397.0686880739,16081.0024303356
"LL0000024363","LL0000024363","ENSDARG00000074698","sdsl",1.26848368854963,2.40908231373644,4.57917566457608e-05,0.00112859261635918,38.6175797094392,38.1566355539679,14.6860705006186,22.6802798966756,68.4827982317761,66.142176482306,51.260147222194,57.3873320001082
"LL0000012109","LL0000012109","ENSDARG00000044550","hif1al2",1.26832169104424,2.40881181761371,3.35070560955101e-13,4.3525180258559e-11,81.2629234367561,84.8045248310477,96.681597503684,56.1206345910475,182.486124111011,182.2299489828,136.177781080654,166.323796004476
"LL0000040199","LL0000040199","ENSDARG00000111934","si:dkey-108k21.13",1.26364035286829,2.40100823686867,0.00107840295679819,0.0158195183335224,6.1681496102598,6.71533504766785,3.83705090092746,11.0537607060581,19.5813762388781,15.0113178968704,14.2072043246832,9.9500765021501
"LL0000008747","LL0000008747","ENSDARG00000079271","dcxr",1.26219922161978,2.39861102868076,2.83338957374068e-12,3.29813905836853e-10,58.4117984918091,53.11417202367,57.4113648888573,69.4688755790783,158.535327228224,127.188785179893,96.9280653040825,100.582110846126
"LL0000000036","LL0000000036","ENSDARG00000070078","abcb11b",1.26154576682988,2.39752484697965,5.369513635466e-06,0.000172086832114476,19.1291106667027,19.3087898547196,11.7405032473747,11.7488564004949,34.5134694079845,38.2697990118749,21.0452379716428,35.8821030555358
"LL0000003682","LL0000003682","ENSDARG00000111026","BX927193.2",1.26111994341371,2.39681730204482,5.07077841844098e-10,4.13176245131695e-08,46.7757095565794,36.5342629093247,40.6123574832105,37.4886426312457,77.5369742728521,90.3570096669846,84.8223305676118,79.2994477527342
"LL0000006122","LL0000006122","ENSDARG00000097209","cox8b",1.25351882088521,2.3842224072309,7.54224281452242e-10,5.98240020766057e-08,33.071088241153,31.7812912777603,34.2310401404154,23.3737982451869,67.5078936724048,63.6396388360138,56.2076501787177,56.3975985438156
"LL0000038872","LL0000038872","ENSDARG00000076766","zgc:163061",1.25307643414838,2.38349142345145,5.75040893365392e-05,0.00137687218002689,10.615371686168,10.4173193417721,21.4772389630258,17.8155985400018,40.0260383136864,41.7667679566437,20.7903229088111,24.4611879896369
"LL0000010729","LL0000010729","ENSDARG00000101104","FP102192.1",1.251070613249,2.38017988855827,0.000207711920253783,0.00408962198352432,13.7950913156653,16.6442132340344,21.6941807707331,18.1277995319407,23.0495463498945,32.9090145166486,36.2446307369104,52.8451090760747
"LL0000000686","LL0000000686","ENSDARG00000105095","AL929028.1",1.24862542652811,2.37614919960015,9.61007970666748e-07,3.75589292489218e-05,25.2404964922084,14.2662893761672,17.3575858272953,21.6514447387003,46.0457263762727,38.9903594397631,38.9848399934126,33.5020145424771
"LL0000003019","LL0000003019","ENSDARG00000095390","BX537288.2",1.24492813326735,2.37006747587247,0.000210411713411169,0.00413881533424502,8.82959476563068,4.09549595339579,9.63699641555344,7.30387239564097,20.0769782041876,12.9613766653376,12.3966473194867,16.5057674055465
"LL0000027409","LL0000027409","ENSDARG00000094345","si:dkey-261l7.2",1.24478575959575,2.36983359514965,8.37576090228764e-08,4.24935537550212e-06,32.1503643377601,31.2005862926904,24.3900503428037,17.6107548710621,59.7233533691822,50.8629929161098,42.2981989078617,58.8966016949261
"LL0000021402","LL0000021402","","pcdh2g1",1.23937793708723,2.36096709883682,1.41909921203281e-06,5.32191892780339e-05,30.3452288467307,19.6326363861003,35.8016408056815,22.5811216090458,43.9779684141246,57.9903970501092,54.9158603237331,54.2927595981625
"LL0000039554","LL0000039554","ENSDARG00000104613","znf1179",1.23885012772969,2.36010349802715,3.79736386014341e-09,2.61813632911272e-07,369.255199669072,299.969857970425,516.567843788757,558.161688257185,711.677267624514,1001.25225035564,771.936809048465,1058.75600359007
"LL0000024762","LL0000024762","ENSDARG00000087674","si:ch1073-127d16.1",1.23678271570651,2.35672384272567,0.000457092737428062,0.00793977171621651,48.821767725409,36.104534067782,17.1969658853996,18.5766773533231,66.5491692141605,71.1071592702489,52.607238300945,55.2979507916624
"LL0000026774","LL0000026774","ENSDARG00000071052","si:dkey-150i13.2",1.23641258138128,2.35611928495289,0.000636678339811767,0.0103881334218438,67.1443306714318,80.9910326110666,70.4756708773258,68.088890540327,54.7890151544155,177.211917374131,140.026075883823,183.292195267401
"LL0000039409","LL0000039409","ENSDARG00000114894","znf1026",1.23283006495072,2.35027580154714,7.60225913685515e-07,3.03289534022104e-05,30.2334999041004,20.9176632857393,14.6273262186161,26.0034339511015,47.2329887804456,49.7870201157721,42.2076052227546,49.2524259902683
"LL0000006004","LL0000006004","ENSDARG00000100781","col28a2b",1.23109130908894,2.34744492314704,6.49969877622427e-08,3.42687059595871e-06,59.4009225966032,53.8613611736915,58.7025162368737,40.1419260350241,90.7211195867022,148.043696177516,77.1658725626903,116.565574783269
"LL0000009931","LL0000009931","ENSDARG00000038439","fabp10a",1.2298308444829,2.34539488556572,0.0015643028776205,0.0213298884768446,15.1064996099506,7.01507932388094,11.2772323888827,4.02718119299005,20.3250419523364,17.6107548710621,20.560498700866,14.7914868891362
"LL0000040273","LL0000040273","ENSDARG00000095369","zgc:112966",1.22351386291785,2.33514779461824,0.000169744837658522,0.00344213343876319,23.8615992520429,10.9578030308831,9.91799294475107,20.1953100993007,30.6762652079397,36.2980247301382,34.9594204055363,29.4386945207572
"LL0000025394","LL0000025394","ENSDARG00000068431","si:ch211-195h23.3",1.22232442083029,2.33322335575394,4.79735499212575e-12,5.37483659930288e-10,47.9480297619833,64.398428193227,73.0662138505154,67.2136541110039,160.232468231244,111.750023409595,95.8804589417051,129.780505965281
"LL0000019418","LL0000019418","ENSDARG00000042816","mmp9",1.22231413194684,2.33320671593964,6.26801147307162e-10,5.01608811010187e-08,137.036093461732,127.814745281111,157.235375589358,161.046975907672,356.135385088839,267.213853910249,299.233581806937,206.045412365668
"LL0000039467","LL0000039467","ENSDARG00000101842","znf1085",1.21915471482539,2.32810272149108,2.70453797512491e-10,2.29407954615564e-08,52.3815855700611,38.8237039975731,58.9266663205999,38.5066225933122,92.9473419342103,94.6842079349592,77.2035926041951,106.728569684829
"LL0000040147","LL0000040147","ENSDARG00000105507","si:ch1073-159d7.13",1.21507259761898,2.32152464688672,0.00230307356640715,0.0290465971515582,6.84862689430194,4.20021616317691,5.62076501787177,5.16642286660311,8.47822444000468,16.1571984044356,10.1887684182648,10.2641461859299
"LL0000028879","LL0000028879","ENSDARG00000097339","slc9a1b",1.21460255554835,2.32076839800731,2.59446309674677e-10,2.21468311772774e-08,32.3093551013608,33.0540427015898,33.4659321359106,26.5971721794,71.7642061110717,65.4416943860883,57.9263695641588,57.9198160203821
"LL0000020433","LL0000020433","ENSDARG00000057206","nmt1b",1.21288551840657,2.31800795656707,2.54606488009909e-09,1.81594531992001e-07,105.690218152149,92.9456507083834,144.90256227277,72.9713353197387,269.902793031118,181.389908231779,183.511327055455,205.386240842492
"LL0000026010","LL0000026010","ENSDARG00000076257","si:ch211-285c6.1",1.21246070544099,2.31732550127241,0.000728156969891729,0.0115444650727705,6.29131242351261,6.98927381953715,9.59061558993437,6.24348593166324,16.6423262800314,17.0527101980102,6.51597930229298,18.0638667157608
"LL0000026145","LL0000026145","ENSDARG00000116692","si:ch211-79g12.1",1.21174872125585,2.31618216050515,0.00121988775944971,0.0174011665973795,12.4567765708343,13.6146951022147,4.02718119299005,18.0486372536747,31.2786574015475,22.1368036012657,16.8820170361342,24.6538073634394
"LL0000010760","LL0000010760","ENSDARG00000117636","FP236157.7",1.20737978177303,2.30917863398665,0.000238607242329348,0.00456323622972535,93.7287219208266,121.587179860623,53.6052275763416,47.4463922688628,210.319537803905,150.903273975122,137.862859382298,134.279637943989
"LL0000003709","LL0000003709","ENSDARG00000091937","BX927308.1",1.20700269562674,2.308575148524,5.63867278661616e-06,0.00018028332052238,66.9991385316852,79.0404314343291,37.3731568732175,47.5351187726446,121.20052763288,140.083730328812,97.6893477889561,116.635253243482
"LL0000009914","LL0000009914","ENSDARG00000077540","f2rl1.2",1.20636229443239,2.30755061724006,3.46817370632622e-11,3.28365221089457e-09,110.780997139638,88.1895686430747,139.427600444368,134.910569965167,286.583091527943,239.701941300568,208.542201108784,175.52564441775
"LL0000021539","LL0000021539","ENSDARG00000059054","pdk2b",1.20464147353415,2.30479985290211,0.000390638801066885,0.00693783799332066,15.1064996099506,13.028004458636,15.3780441666582,10.0679529824751,44.7150922951401,25.4377570359786,13.7069991339107,22.6802798966756
"LL0000007457","LL0000007457","ENSDARG00000031426","csrnp1a",1.20078133599515,2.29864127302425,5.81350366970868e-11,5.39032069568265e-09,142.275293666355,100.7726528733,113.572278538117,114.38749860932,248.753693577187,242.521313768455,250.149518444307,192.297901965275
"LL0000027351","LL0000027351","ENSDARG00000095783","si:dkey-249d8.1",1.19703858614821,2.29268569053273,0.00425836144974243,0.0468698653385691,25.1698824561878,23.3737982451869,16.6323796004476,13.7167898475777,16.7636851410211,60.4259984398025,38.0818591867822,39.9829148333114
"LL0000006127","LL0000006127","ENSDARG00000021339","cpa5",1.19597508718413,2.29099623412662,1.04180563552843e-12,1.25619335128807e-10,88.9682150927473,58.1798484306025,79.550826946,79.170180940942,196.838965333225,156.012999416434,109.755226542617,149.652281393203
"LL0000002675","LL0000002675","ENSDARG00000094149","BX323875.1",1.19589449769829,2.29086826179242,1.46289689550616e-05,0.000420704113617809,44.6058829579915,70.0521171938504,47.5006021713176,45.9650823752088,69.1809153851557,114.796117746502,102.307784316526,108.343815202566
"LL0000029609","LL0000029609","ENSDARG00000042231","stx11b.2",1.19435811724045,2.28842992819266,5.57031282637084e-11,5.18270386118635e-09,62.6605674693059,62.1242449343722,68.4827982317761,64.1378681040543,142.503209277699,114.774664000216,135.161528983037,114.469906661904
"LL0000025168","LL0000025168","ENSDARG00000104919","si:ch211-153b23.3",1.18746440353614,2.27752107420219,1.61446555983461e-09,1.19920896238655e-07,66.142176482306,47.1593354444185,92.6251674387711,58.9426216617756,139.907663697882,121.40484947178,118.33189511309,118.837796931612
"LL0000028165","LL0000028165","ENSDARG00000103119","si:dkeyp-33c10.7",1.187243781515,2.27717281426474,0.000105235308742917,0.00230054651771405,16.3877857827939,22.0291057509278,12.0106873539786,14.4418136271128,32.139084845266,27.219138174985,35.3989226863825,34.9590721580186
"LL0000030090","LL0000030090","ENSDARG00000076858","TCIM (1 of many)",1.18275887969496,2.27010476575385,6.80444387620765e-06,0.000210761065026474,15.1019294737127,14.2275293666355,15.654004329833,10.7697850337869,28.59687465233,26.1845993239144,28.0603172955238,26.6552765555409
"LL0000038501","LL0000038501","ENSDARG00000101653","zgc:110171",1.18275446106393,2.27009781297471,0.00320828452038247,0.0375239506170353,9.69569893179031,6.46187102027217,6.96185982915345,3.17236491808963,11.0938468736231,13.2968821894371,15.9375695712581,12.2966503811635
"LL0000011953","LL0000011953","ENSDARG00000045142","hbae5",1.18259235656966,2.26984275395392,0.000317252592091853,0.00579802462868507,18.6023559674502,30.5690729042149,41.291098933865,25.0538547281462,48.1845383888624,40.9262288737614,69.1051426379438,62.616017319332
"LL0000029136","LL0000029136","ENSDARG00000025428","socs3a",1.17943114504866,2.26487455400297,0.000316421469465488,0.00579186990636998,67.4756982577794,36.0775508085305,59.4617707777451,72.4892614738209,159.551579325841,119.361783014977,111.614135804701,54.2354519268328
"LL0000013046","LL0000013046","ENSDARG00000104773","junbb",1.1791966776289,2.26450649552375,1.76238673619619e-09,1.29832375204327e-07,252.420819818557,203.646844275244,312.593422923746,318.24359178296,734.579020629247,542.332357610813,481.248152562311,387.192049192009
"LL0000018337","LL0000018337","ENSDARG00000007906","lrp2b",1.17839923963481,2.2632551537734,0.00128402868741249,0.018171709145176,5.1260147222194,4.02718119299005,9.14626887855139,8.80537743553106,15.6651418673265,16.7636851410211,8.05679979197366,12.0258502695102
"LL0000032067","LL0000032067","ENSDARG00000104300","wipf1a",1.17316137339202,2.255053050297,0.000102570070644645,0.00224776416427373,14.6860705006186,7.88879300753932,10.0709997399671,12.0258502695102,29.7308853888726,24.1630871579403,13.2112772690187,21.5242559535204
"LL0000021101","LL0000021101","ENSDARG00000000651","osgepl1",1.1730150334395,2.25482432030866,1.67913572469822e-08,1.0403290438113e-06,31.3096979233161,29.1970636491778,31.8595032602873,25.6823508536323,57.0602792517367,57.4304130948863,40.8076909463466,70.3913102441996
"LL0000025097","LL0000025097","ENSDARG00000093349","si:ch211-141e20.2",1.16698302560075,2.24541642496782,0.00325942695066506,0.0379570079153022,18.0387754042653,13.3276382777705,18.1223153684552,19.3087898547196,13.6972537886039,44.0582115018557,35.4995685339269,33.2342991418914
"LL0000030437","LL0000030437","ENSDARG00000008191","tmeff1a",1.16672683617617,2.24501772610712,1.5532484275141e-06,5.73699134167948e-05,33.071088241153,42.0333207221991,26.1766777544353,32.5200671237383,56.7457656956446,61.681496102598,52.263253674948,81.5750978937333
"LL0000004063","LL0000004063","ENSDARG00000117286","CABZ01032351.1",1.16465565923263,2.24179702270197,0.000312737723343374,0.00574190134755095,10.7697850337869,12.8192886372514,7.04969981797695,9.01938770213263,24.6048706666531,24.2738346407475,12.1238875245687,17.6107548710621
"LL0000024822","LL0000024822","","si:ch1073-324l1.1",1.16370355438895,2.24031803955417,6.98933692802219e-07,2.82186607593977e-05,17.6980429799625,19.694148562767,24.0322037691681,22.4693338783079,36.0824799802651,48.1409391010277,30.0464403674654,43.1643048854989
"LL0000009229","LL0000009229","ENSDARG00000078004","drl",1.16177515878528,2.23732549207502,0.00087097226410835,0.0134363586974237,14.2647114455603,13.4034870102312,23.0648585557931,18.7018465171189,18.2191631583079,44.7296044660865,33.5766231965545,37.8452281152504
"LL0000028299","LL0000028299","ENSDARG00000095615","si:dkeyp-86h10.3",1.16077585716319,2.2357763158503,2.74356374201153e-08,1.59334093863819e-06,689.218938204387,767.309376446097,648.143553506866,597.120223437617,927.563777057801,1332.07749844714,1210.67069850266,1537.90047483727
"LL0000026387","LL0000026387","ENSDARG00000097639","si:ch73-265h17.4",1.15788664616861,2.23130332227757,0.000654150444607141,0.0106344929292874,12.3772586804195,11.4646439235997,11.1542080355494,12.2627667326547,14.075091551993,25.3790545197417,23.7326899289996,24.5144242709284
"LL0000023392","LL0000023392","ENSDARG00000071876","rell2",1.15702832890421,2.22997622506182,1.2406855906088e-10,1.1157456470194e-08,44.0582115018557,58.1798484306025,61.4330984137992,44.0947843215373,105.59590327772,100.679529824751,86.3814282974297,108.599655038216
"LL0000007301","LL0000007301","ENSDARG00000023217","crema",1.15416843352911,2.22556005841647,0.00113136774961173,0.0164165386195865,328.064942222042,412.78607228148,314.021898163598,345.36647052694,265.328340377842,794.795895509587,794.601879483403,713.533782657604
"LL0000029659","LL0000029659","ENSDARG00000003475","sult1st5",1.15300421831651,2.22376481712222,3.84749458892311e-05,0.000969838568009246,17.120699557944,8.01723351300679,19.4788559444337,18.1223153684552,36.5850755142055,33.2647592008951,17.6232846007423,30.5690729042149
"LL0000006598","LL0000006598","ENSDARG00000093732","CR396583.1",1.15279627994322,2.2234443247774,0.000154262548866819,0.0031885713375604,17.7080645218537,14.4041013694365,9.67530281615859,10.751947192786,21.3187971466913,26.2978569097743,19.4754577373627,31.3711641899975
"LL0000010568","LL0000010568","ENSDARG00000015355","fosl1a",1.15205506923267,2.22230228337693,2.22398875036142e-06,7.83759285825273e-05,39.2768989858716,53.11417202367,51.260147222194,47.3193790176331,73.1701510284111,92.9456507083834,98.8862080374983,84.8045248310477
"LL0000026071","LL0000026071","ENSDARG00000093354","si:ch211-57i17.2",1.15174761597516,2.22182873820091,2.40384421537859e-06,8.41627175876497e-05,39.7807385031881,49.1395918950697,50.9813248112229,51.1808206785127,147.938001398758,84.2204218860648,68.0392262555669,77.0014214364265
"LL0000011088","LL0000011088","ENSDARG00000027744","gadd45ba",1.14918336539826,2.21788316048777,3.08253426803494e-11,2.9815202853666e-09,184.299295241398,172.370520529646,180.435718222123,193.304697263522,467.475964903737,355.150223233086,291.763267278955,253.427475367201
"LL0000019508","LL0000019508","ENSDARG00000019521","mpx",1.14885947913738,2.21738529972343,7.77055844404405e-15,1.22188623392924e-12,654.416943860883,519.304821882195,585.068411827508,468.975184653086,1412.09394834954,1136.00877066829,743.598408331379,1024.17774149944
"LL0000012475","LL0000012475","ENSDARG00000086881","ier2b",1.14737228449906,2.21510069742051,6.21297990289957e-08,3.30813498235775e-06,131.225976888817,112.761073403721,109.755226542617,163.388670192632,326.030765113732,210.039113825734,230.625894045246,202.435146203421
"LL0000029695","LL0000029695","ENSDARG00000058839","susd1",1.14692576448453,2.2144152207812,4.43715979199797e-06,0.00014514694604262,30.7560883333164,31.2106542456729,37.6013276118224,22.5026312241349,76.3675666032165,59.1659475565449,51.3620986738321,41.0883217541598
"LL0000004432","LL0000004432","ENSDARG00000107066","CABZ01074888.1",1.1451113816828,2.2116320466676,6.25751019536983e-08,3.32526070441303e-06,40.1419260350241,39.4439650376966,56.3975985438156,37.0797049976564,92.2682649999493,91.6183721405236,82.3164199069625,63.5943925899465
"LL0000027220","LL0000027220","ENSDARG00000089853","si:dkey-22n8.3",1.14346999020773,2.2091172465141,8.77088851925945e-05,0.00197686857832663,17.7497842669635,23.1632994019243,19.0409295933911,25.630073611097,34.2310401404154,41.6663360022896,27.3945075772077,57.7652106357664
"LL0000002796","LL0000002796","ENSDARG00000105629","BX470211.1",1.14289744485461,2.20824071416714,0.000382247485068131,0.00681130061364942,12.1684632141294,29.3066092433042,13.9800509383056,14.9577109594362,36.4560577495424,39.4915565133896,25.4964595522155,32.5345415157037
"LL0000011267","LL0000011267","ENSDARG00000079947","gfi1b",1.14255032154027,2.20770945870112,1.97184749293481e-09,1.43688366497355e-07,33.071088241153,31.7812912777603,39.265016631653,35.5688234165887,60.6592667781028,67.5559243028454,60.1520466824873,68.4827982317761
"LL0000026383","LL0000026383","ENSDARG00000091835","si:ch73-264p11.1",1.14232428642457,2.20736359158526,1.29108513436552e-05,0.000375714157770071,13.2112772690187,19.5675054122912,20.5311265598647,16.7636851410211,30.2129992199012,40.0861675650339,32.8064942222042,32.2174495439204
"LL0000007605","LL0000007605","ENSDARG00000097513","CT573383.1",1.14183710978405,2.20661832359745,8.31139231635272e-08,4.22466971634042e-06,41.0883217541598,32.8064942222042,40.4933068955149,48.7801006856074,103.707778685144,69.1420199169122,51.2771545490056,79.5608979457399
"LL0000024619","LL0000024619","ENSDARG00000041378","sh2d4a",1.13636350900724,2.19826225106296,8.54678743780078e-08,4.32795795508522e-06,57.9806063364421,41.4358852721003,36.2052440651817,43.9143965674947,84.527982769398,90.3598780177142,72.4892621230078,95.8025064985779
"LL0000024760","LL0000024760","ENSDARG00000109399","si:ch1073-110a20.7",1.13423585643396,2.19502269521021,1.1977656411211e-10,1.0807624269834e-08,79.6397470280254,52.2236667001996,91.2831960884894,73.9714930900582,167.890891304253,139.253315943812,130.893456725159,129.927830680311
"LL0000025033","LL0000025033","ENSDARG00000095136","si:ch211-130m23.2",1.13199470011694,2.19161548176415,0.00149368172234202,0.0205756187664214,213.238368362198,223.309705358766,173.229199016467,195.018777532668,146.961749399013,393.312549433899,428.252989405532,466.901618944614
"LL0000001920","LL0000001920","ENSDARG00000043126","blf",1.13029393846523,2.18903335647791,5.15117796425057e-05,0.00125575724642551,34.856900111092,66.4484896843358,39.633831807056,46.962012989499,76.3675666032165,110.443102105551,84.5963978157235,77.1658725626903
"LL0000029721","LL0000029721","ENSDARG00000093423","swsap1",1.12965709363522,2.18806727086013,0.00135922348735783,0.0190058036149583,9.14626887855139,5.87025162368737,9.79071366707904,6.90269388159691,17.120699557944,12.0258502695102,18.4536529999899,13.0883388772177
"LL0000006052","LL0000006052","ENSDARG00000078918","comtd1",1.12845637343038,2.1862469529763,3.44568150139533e-14,5.03537662451191e-12,169.141610105582,153.45406674014,199.588555205371,187.981702407918,448.675102303799,320.257791730953,259.557934983595,319.863318666491
"LL0000038966","LL0000038966","ENSDARG00000076146","zgc:172075",1.12368070052515,2.17902190659106,2.63615789803003e-05,0.000700431321345153,71.493679852238,61.6967131966328,53.8635484562419,62.6011292131961,73.299875274443,136.786060642761,121.793103045148,115.464012018723
"LL0000029981","LL0000029981","ENSDARG00000069630","tat",1.12316188188771,2.17823843268156,1.61338862399704e-08,1.00422237756149e-06,65.0401342474765,54.7890151544155,64.6187102027217,35.4995685339269,111.788097113635,114.245577560347,89.1926561666177,102.693120421246
"LL0000025452","LL0000025452","ENSDARG00000013203","si:ch211-1f22.1",1.12137250959033,2.17553844186272,0.00249711171141135,0.0308905618995882,10.4466914827733,6.86324991655921,6.65693082811824,16.4754148692289,14.6501500761031,23.2972432014474,16.737672047749,21.631877233288
"LL0000006571","LL0000006571","ENSDARG00000094803","CR392026.2",1.11683793224901,2.16871117791757,0.00410759731857532,0.045489779365392,6.65693082811824,3.65786279030935,5.98718519555227,6.40321809685418,8.16050434386307,10.4881829009881,10.52501719211,12.4051270043556
"LL0000038934","LL0000038934","ENSDARG00000076721","zgc:171686",1.11568361617457,2.1669766623897,0.00245010780446917,0.0305004392381349,7.8270021649165,3.91628546683162,6.90269388159691,6.04259984398025,14.0301586477619,11.2772323888827,7.04756708773258,15.2437814642523
"LL0000039003","LL0000039003","ENSDARG00000100909","zgc:173581",1.11460706083002,2.16536024308369,0.000731806123505558,0.0115854875153507,17.1609835569039,27.799757206351,13.6557032199925,17.7598690610861,30.8534136836467,50.0830301027594,26.7776018794612,32.896266841439
"LL0000007450","LL0000007450","ENSDARG00000091702","csnk2a4",1.11161431173358,2.16087304178874,3.10785789930109e-05,0.000810545015075723,17.6107548710621,16.6442132340344,16.7636851410211,25.1774993499177,40.0861675650339,29.7308853888726,38.2582213334055,35.5688234165887
"LL0000022314","LL0000022314","ENSDARG00000087440","ponzr4",1.11110414374723,2.16010904571016,0.000565165707424851,0.00940974656776893,345.36647052694,294.700481379079,177.497842669635,166.171495709457,349.751812004921,551.559184110808,541.655870457161,402.435830656261
"LL0000025511","LL0000025511","ENSDARG00000099910","si:ch211-208f21.3",1.11042399058153,2.15909091041969,0.0016446923186702,0.0222008693557846,7.31824702419692,4.57226328252591,7.86907102502047,7.08998381693682,12.2563457330091,16.8645884361018,8.11477010387495,14.2783419715163
"LL0000006980","LL0000006980","ENSDARG00000086615","CR846087.1",1.10984504717848,2.1582246562004,0.000185371340183161,0.00371037578846431,26.7873925931283,12.8685935935485,32.2876251663345,33.8728115924537,39.2550207427562,51.9405694365892,42.6317754950256,61.0604006390548
"LL0000026809","LL0000026809","ENSDARG00000042683","si:dkey-15j16.3",1.10820668215603,2.15577510679506,2.67675426027495e-08,1.55790574252236e-06,31.9048175747409,27.7860453871703,29.1786731366361,28.9742662518853,56.4313023896765,58.8261449521899,53.4608303369429,54.074774114191
"LL0000039028","LL0000039028","ENSDARG00000093875","zgc:174224",1.10392336780801,2.14938417300606,0.00203329657988603,0.0262473892158211,26.6215911134222,48.4444512247071,19.7515654926266,48.3710117510619,46.7003852132645,81.0627968171777,64.4147631818758,78.4953120199232
"LL0000029509","LL0000029509","ENSDARG00000031929","stard14",1.10326814077708,2.14840821148426,6.55524472243919e-16,1.24933344646084e-13,223.575461475701,152.626542215872,226.165485709526,193.275428684713,432.045888844588,377.812129300445,334.216159888705,339.290015509412
"LL0000040427","LL0000040427","","hbbe1.3",1.10230052432862,2.14696775589082,6.07045098910565e-10,4.87248825809139e-08,13064.2922116804,12984.8116130847,20667.1481732798,10882.2087478858,36663.2354630332,24017.6844656924,19503.1212062488,23869.0421149817
"LL0000018995","LL0000018995","ENSDARG00000088022","mhc1zfa",1.10112829925675,2.14522400049876,0.00274404307743572,0.0332063790770337,6.15121766666329,7.04756708773258,7.44912787553129,5.87025162368737,10.7697850337869,15.7775860150786,7.04969981797695,15.0323128368877
"LL0000000699","LL0000000699","ENSDARG00000117295","AL929210.2",1.10066976094138,2.14454228255683,0.000385256949991631,0.00686038021743375,28.4028603481963,18.6372734803116,15.9826765873278,22.9493309309819,58.8261449521899,49.5746004857075,27.5810819293205,27.6391013948614
"LL0000001211","LL0000001211","ENSDARG00000043279","aqp12",1.09956981124117,2.14290784869367,1.51857668392219e-14,2.36028950601062e-12,232.853314406266,260.432983544303,265.26066487851,317.236491808963,648.393760364424,493.122616277507,412.78607228148,475.605981684672
"LL0000007016","LL0000007016","ENSDARG00000097265","CR847898.2",1.09912239078217,2.14224337551745,2.25992871728036e-06,7.95382503651201e-05,28.59687465233,18.1277995319407,19.0409295933911,28.7056824444287,51.3465602106231,44.7150922951401,36.1998850127388,40.1419260350241
"LL0000005795","LL0000005795","ENSDARG00000099500","clec3bb",1.09883939014585,2.14182319192827,1.07189710956627e-07,5.28848465672062e-06,50.3397649123756,49.7963527832242,60.6592667781028,55.8070679023505,141.998274135708,89.631897685707,85.1831060756971,85.0918443888421
"LL0000028210","LL0000028210","","si:dkeyp-53d3.6",1.09878139930767,2.1417371005352,0.000461240682617931,0.00798742278035681,14.0902878991094,14.8141825472141,14.5481920596765,5.87393712422522,19.8023154772387,22.6459207119538,19.9586463090745,26.2047413233943
"LL0000031264","LL0000031264","ENSDARG00000077580","tspeara",1.0962743939968,2.13801858510779,0.00134278949939395,0.0188053473172938,8.0543623859801,11.178773073785,5.87025162368737,7.83257093366323,13.8053877631938,20.1419994799342,13.028004458636,14.3528412222143
"LL0000029779","LL0000029779","ENSDARG00000012306","syt13",1.09600299251464,2.13761641637486,7.82209802393086e-05,0.00179002888311044,187.00263104121,206.094717321965,164.157295761463,220.473921607687,210.166603610996,426.881206456945,311.989393968364,479.403882601135
"LL0000002552","LL0000002552","ENSDARG00000078636","BX322577.1",1.09516191786051,2.13637057372421,0.000545637080069373,0.00915832424843031,8.01723351300679,7.17642061110717,10.0679529824751,7.11376468331774,13.6972537886039,15.6651418673265,12.8192886372514,16.1135995839473
"LL0000005674","LL0000005674","ENSDARG00000061357","chst6",1.09501195065728,2.13614851094617,1.71635571108445e-09,1.2678870526195e-07,382.822900246074,327.039739277598,333.249243719926,364.834503044439,486.252509495437,721.575597263725,628.145143225319,640.515583461906
"LL0000002505","LL0000002505","ENSDARG00000101818","BX294178.1",1.09421141321046,2.13496351171589,0.00108705962829084,0.0159204500790372,13.6180289292648,9.93000574360754,13.6593615977853,11.472020948327,26.106202083558,24.6441133672079,9.11845752212772,30.0477002442656
"LL0000013595","LL0000013595","ENSDARG00000090722","leg1.1",1.09263319534799,2.13262927256648,3.20571930513019e-17,6.95149890287466e-15,326.332349245932,269.599644964719,364.224751785868,299.989425475837,628.671515276812,504.586922744734,456.115578223109,676.975197838293
"LL0000025608","LL0000025608","ENSDARG00000095434","si:ch211-217k17.8",1.09217098222717,2.13194612656837,6.60804963206152e-05,0.00154882858326533,94.9699225706667,105.512606475838,108.766797191644,111.239114992969,108.671512111051,231.562918596928,198.16915903528,222.091186429506
"LL0000010102","LL0000010102","ENSDARG00000088222","fam78ab",1.0900136314022,2.12876047854984,0.00036726062871907,0.00658351403041805,164.519851752102,205.271242558648,145.671086376031,139.944546456404,159.551579325841,376.674479186606,288.826053178832,329.357108064767
"LL0000025880","LL0000025880","ENSDARG00000105119","si:ch211-258f1.3",1.08740092915456,2.1249088092931,0.000619228710236037,0.010152707798498,27.6394125360909,27.1371219394295,21.5756232414442,22.6217716929504,26.7292123931898,55.3469043599978,47.6187267917592,43.9297008657364
"LL0000039202","LL0000039202","ENSDARG00000030357","zgc:66313",1.08607684637634,2.12295949612812,0.000845160225580243,0.0131285461037707,16.1135995839473,12.0258502695102,10.2520294444388,19.1291106667027,36.5850755142055,18.5891301416767,25.4558555344055,22.6802798966756
"LL0000039048","LL0000039048","ENSDARG00000100961","zgc:174653",1.0829127584324,2.11830856873474,2.0447761399365e-12,2.40096007103723e-10,148.311015384841,134.6229153713,125.075494595366,143.287094517702,329.909323575294,262.832951213661,192.353475060815,232.37249938765
"LL0000003992","LL0000003992","ENSDARG00000102537","CABZ01007816.1",1.08232337662888,2.11744335640523,0.00215225220430178,0.0274931008080496,6.85349956695533,8.87489213348174,13.0922996619572,22.0473921607687,31.7812912777603,23.1562918596928,19.3087898547196,19.5675054122912
"LL0000012474","LL0000012474","ENSDARG00000099195","ier2a",1.07979346526676,2.11373345956101,6.37056735427966e-11,5.88653558725862e-09,173.372674718772,160.956862277689,235.590099789918,234.754234549486,466.685004083146,362.256405681925,283.010449145473,308.172592042993
"LL0000001106","LL0000001106","ENSDARG00000009196","anxa3a",1.07904664134827,2.11263954979772,1.61407397145233e-26,9.64463000408485e-24,529.137411858448,494.147819221951,544.676256351904,513.207309296494,1072.29929659356,857.666517236124,766.199020857257,978.9011747248
"LL0000023780","LL0000023780","ENSDARG00000075046","rnf151",1.07705230371819,2.10972111894788,0.000415593929627548,0.00733261494340888,54.5985090239626,37.4285647552275,20.9372307911516,27.6293939684971,62.1045229518533,60.5972054353819,64.1979973554018,68.4528006005179
"LL0000029718","LL0000029718","ENSDARG00000051819","swap70a",1.0769598403165,2.10958590968,6.19081798739493e-05,0.00146794448732859,25.0538547281462,25.630073611097,21.1427012631978,28.455058733271,36.1998850127388,46.0163542352715,50.2910554230632,42.2981989078617
"LL0000038694","LL0000038694","ENSDARG00000016789","zgc:152891",1.07651773201599,2.10893953430363,0.000577933227366761,0.00958670360929354,6.84862689430194,6.85349956695533,15.7775860150786,12.0851996879605,18.0387754042653,22.5544647777654,16.1087247719602,20.3250419523364
"LL0000006135","LL0000006135","ENSDARG00000045932","cpeb1a",1.07478609947403,2.10640974287132,0.000154257300907453,0.0031885713375604,26.4161323065932,12.7279277672028,16.7636851410211,18.1277995319407,43.0926301324115,39.9829148333114,28.1902683509303,26.4225545380373
"LL0000027581","LL0000027581","ENSDARG00000101312","si:dkey-31n13.4",1.07387874892412,2.10508538041709,9.64759348079218e-08,4.82182418410819e-06,147.470504539733,178.758850133529,141.781332328,157.067311944527,358.410424198968,314.624531620383,275.680688566134,207.793066399711
"LL0000021611","LL0000021611","ENSDARG00000025559","pex11g",1.07217092160396,2.10259490588692,5.72468190454202e-08,3.0724744856533e-06,90.1689040761745,74.5253980757564,88.1895686430747,77.915423777735,207.399831438987,153.616667075759,124.948305810186,107.697850337869
"LL0000018531","LL0000018531","ENSDARG00000100947","mafk",1.06807289435991,2.09663088382001,0.000101359516008217,0.00222486206199586,22.5544647777654,33.2242448421679,26.4225545380373,29.3512581184369,35.2465692014846,57.1937493046601,44.3123988558552,61.1314055366767
"LL0000025708","LL0000025708","ENSDARG00000088870","si:ch211-22k7.9",1.06630974866981,2.09407011550918,9.60355857084496e-05,0.00213061127402187,29.577104947206,27.8982977144386,36.6765382029911,27.1303462541418,34.6591263814598,62.4496576459332,55.672486562538,58.8264509016873
"LL0000031806","LL0000031806","ENSDARG00000099690","vaspa",1.06541917667407,2.09277785022628,0.000884106758974823,0.0135927054502427,10.0679529824751,13.2112772690187,27.3945075772077,15.6651418673265,37.4717667858118,35.2484990898848,24.0517005390204,23.5796677222093
"LL0000020424","LL0000020424","","nmi",1.06476546668806,2.09182979132316,5.31643702394541e-05,0.0012932446152043,25.4063024404205,14.6756290592184,24.4767841676976,22.6802798966756,51.3620986738321,46.099092699789,33.8316971666481,28.1902683509303
"LL0000002147","LL0000002147","ENSDARG00000103806","BX004785.3",1.06068851626268,2.08592677834876,0.000522090007647454,0.008827957827358,40.7199787629781,38.154411160607,27.6502194914253,32.1869151689348,63.4463817135575,50.439984866639,82.2954476787516,53.1906347892644
"LL0000027415","LL0000027415","ENSDARG00000087518","si:dkey-261p22.1",1.05922623960619,2.08381361051376,0.000381182328109691,0.00680133485105606,25.7299955170837,22.2168133074826,12.860666667938,28.7818683116944,40.1674513633113,35.2277674856804,37.8350655942742,49.0557360686141
"LL0000030236","LL0000030236","ENSDARG00000017799","tgm1",1.05611927636891,2.07933077415927,1.36816689371603e-15,2.50262854456669e-13,108.766797191644,90.1938770213263,123.024353333266,104.706711017741,219.510453085233,192.739928311069,157.630490039973,173.553446165865
"LL0000005414","LL0000005414","ENSDARG00000095462","CELA1 (1 of many)",1.05585461737277,2.07894936082799,0.00406777991425133,0.0451417804846488,11.178773073785,5.87025162368737,5.87442820024743,9.86099125942415,14.0993996359539,13.7194908491329,18.4536529999899,13.0883388772177
"LL0000039017","LL0000039017","ENSDARG00000004529","zgc:173742",1.05313232610746,2.07503018921877,0.00443632793389912,0.0483928688903097,10.7697850337869,13.8053877631938,20.1419994799342,9.01938770213263,14.3528412222143,31.2106542456729,23.3737982451869,26.4161323065932
"LL0000038528","LL0000038528","ENSDARG00000073845","zgc:110843",1.05123566900222,2.07230401718154,6.00801327354096e-09,4.02866506015568e-07,296.234038424361,271.332874994193,187.923953544879,247.073909610975,515.479192702726,425.890929069257,364.542625830986,472.010305889881
"LL0000010250","LL0000010250","ENSDARG00000003462","fech",1.05054032018621,2.07130545067926,2.70467701410839e-07,1.21008419687788e-05,53.2493528008904,75.5324980497531,82.1766435083196,65.6129884444084,104.706711017741,141.259041568738,115.448281932518,119.446706738364
"LL0000029608","LL0000029608","ENSDARG00000029290","stx11b.1",1.04670360047398,2.06580431537826,1.31882431526174e-17,2.97998882462797e-15,267.096448877775,268.265554477966,287.940944775185,260.838893265147,493.059861049917,545.407966444145,442.989931228905,476.622233782289
"LL0000025871","LL0000025871","ENSDARG00000100690","si:ch211-256e16.11",1.04260097614997,2.05993808611821,0.00147509535927934,0.0203822400388808,97.7598234598334,127.244925142602,330.475598908187,232.059495337107,307.229043678619,337.650408281876,309.084395010194,423.152515319212
"LL0000008514","LL0000008514","ENSDARG00000028257","cyb561a3b",1.04153146768101,2.05841156474564,0.00340088270071133,0.039110838481446,32.8064942222042,10.0679529824751,13.2112772690187,15.654004329833,35.2465692014846,28.59687465233,30.2129992199012,30.0646256737754
"LL0000008620","LL0000008620","ENSDARG00000053068","cyp8b1",1.03906865846609,2.05490067002139,0.000349900540449463,0.00631865388324085,23.8795506340058,14.9394017580276,12.6088916744388,12.7373797437895,33.7291768722037,28.8346173418087,20.2030917006224,33.0495166413599
"LL0000000067","LL0000000067","ENSDARG00000052331","abcf2b",1.03685930189463,2.05175618443096,9.18220172914308e-12,9.75890206699321e-10,186.586935888786,191.291106667027,222.559209378084,193.718303581683,332.884264680687,366.828874850578,244.7252936812,437.941380647996
"LL0000024169","LL0000024169","ENSDARG00000038378","sagb",1.03457924278571,2.04851611601843,3.20408077359621e-07,1.40316820718613e-05,199.345469053007,134.14527688542,138.929288427268,102.80249350433,321.468315057227,255.803393395164,184.396370799156,265.527562610965
"LL0000030219","LL0000030219","ENSDARG00000103727","tfr2",1.03357634409223,2.04709257177653,1.96354323585162e-06,7.04909400117681e-05,30.5690729042149,31.2200991938979,32.0689340520271,39.9829148333114,50.3397649123756,65.0401342474765,54.7890151544155,60.7024247358901
"LL0000019637","LL0000019637","ENSDARG00000077479","msh5",1.03201494476757,2.04487824384743,0.000809135654285387,0.0126566891262826,8.87489213348174,8.05679979197366,10.0215418912585,7.17642061110717,16.1087247719602,15.2437814642523,11.7405032473747,16.6442132340344
"LL0000039036","LL0000039036","ENSDARG00000100257","zgc:174314",1.03129554555985,2.04385882045569,0.000308183973213386,0.0056758622299553,28.4707203748838,25.7887397990862,48.3089961799189,25.0465763532981,66.0319395215021,78.4280252499569,45.0037498316638,39.3696062616756
"LL0000004072","LL0000004072","ENSDARG00000101795","CABZ01033394.1",1.03040263796083,2.04259423412054,0.00226283677489275,0.0286736183035303,31.308008659666,30.351212367945,26.6246764004452,28.1987992719078,27.0581631063979,59.4617707777451,61.4145131930982,56.9101174665419
"LL0000003648","LL0000003648","ENSDARG00000039747","BX914200.1",1.02875796434843,2.04026700167707,7.38949592750153e-08,3.81374579644124e-06,125.662519757734,149.974151952317,130.283416519512,205.00527070677,323.345049121455,329.971819698708,205.406376748457,244.378141913917
"LL0000011285","LL0000011285","ENSDARG00000070581","ggact.1",1.02866264484682,2.0401322047839,2.3981513002641e-08,1.42663474143366e-06,43.0926301324115,35.8821030555358,43.2519260127131,46.7475964903737,92.8184619232035,69.5140670362612,56.2076501787177,70.4969981797695
"LL0000040331","LL0000040331","","si:dkey-269i1.3",1.02783708238523,2.03896510105598,2.95844788976378e-09,2.09893681551077e-07,2568.21551785781,1415.60991698196,2192.19696688258,2442.34835993864,5091.42431477009,3758.98861203905,3130.15678611046,3421.94438813731
"LL0000025084","LL0000025084","ENSDARG00000097372","si:ch211-139d20.3",1.02783179146668,2.03895762339909,0.000436847274359706,0.00762119674819416,15.7775860150786,10.0709997399671,15.0323128368877,10.2520294444388,24.1630871579403,18.2925377571028,22.5026312241349,23.4977128009897
"LL0000009871","LL0000009871","ENSDARG00000058180","exoc3l4",1.02710116866958,2.03792529728205,2.65127426507962e-08,1.54642329097019e-06,46.3265988038486,57.1227887801734,50.2349442777502,42.2854025263955,88.4139324926634,84.1402732728523,74.9283316941559,87.762822208875
"LL0000030323","LL0000030323","ENSDARG00000100375","timm23b",1.02646680267131,2.03702940016255,0.00227041812138135,0.0287561341807928,13.3276382777705,13.0883388772177,9.14626887855139,14.6756290592184,31.3302837346529,17.7497842669635,12.0851996879605,27.0581631063979
"LL0000006104","LL0000006104","ENSDARG00000012388","cox4i1l",1.02572082633284,2.03597638279341,0.00193839089525957,0.0253224346274233,13.8053877631938,5.03549986998354,11.0236960803843,13.3276382777705,23.1562918596928,18.2925377571028,18.5891301416767,14.6860705006186
"LL0000022960","LL0000022960","ENSDARG00000055177","pxdc1a",1.02283993482077,2.03191483511517,0.00330283434410583,0.0382801347752853,20.5040588888776,15.1019294737127,8.13001678093456,7.8270021649165,24.4767841676976,26.6246764004452,17.120699557944,21.0452379716428
"LL0000039174","LL0000039174","ENSDARG00000099728","zgc:56622",1.02185120284545,2.03052276621525,0.000232325846860792,0.00447173206602709,9.24564630730761,14.8818847739601,17.0299319050255,14.8446536167115,25.2041778565151,25.3840249044305,17.8504806379284,31.9408034280967
"LL0000021404","LL0000021404","","pcdh2g12",1.01617649174642,2.02255157492295,3.45828429096158e-05,0.000885617202853961,33.8786617860288,56.7170295679948,67.2045973385143,34.1304278434375,100.591971837386,79.9435959358587,64.8393760364424,91.4275985855053
"LL0000007370","LL0000007370","ENSDARG00000053512","crybb2",1.01520266705529,2.02118680550938,0.0036455389992406,0.0413258423906326,13.0922996619572,7.01507932388094,11.2772323888827,7.04756708773258,19.3087898547196,10.7621279767602,14.6860705006186,20.7080816447907
"LL0000030407","LL0000030407","ENSDARG00000058323","tmbim1a",1.01289811324833,2.01796074919432,2.39791258220839e-20,7.32698538897742e-18,734.960567720684,665.645123939017,809.116348798243,687.308099428949,1597.48058402671,1258.87496749588,1018.18865615186,1189.2354155549
"LL0000013271","LL0000013271","ENSDARG00000029874","khk",1.01271969222019,2.01771119931823,0.000130427068760593,0.00275495165114186,43.0485119070407,51.8907824355189,28.59687465233,31.2200991938979,62.1335597258026,73.8146119999594,59.4009225966032,81.3001678093456
"LL0000022313","LL0000022313","ENSDARG00000088589","ponzr3",1.01074794388892,2.01495545320433,0.000302496261413729,0.00559410039419103,342.476956896869,234.810064947495,182.10727420767,152.845364521074,383.705090092746,426.917684567611,454.164904388639,316.133723649719
"LL0000038984","LL0000038984","ENSDARG00000074191","zgc:172253",1.00937653084814,2.01304096461073,4.11015543563314e-05,0.00102903137345195,33.2315405442594,34.9765820969057,24.3423252538669,19.765912768878,52.615122286415,51.839019499434,36.4346950776863,53.1146216439038
"LL0000011391","LL0000011391","ENSDARG00000058103","glra4b",1.00786322309918,2.01093050242999,0.00344227073350664,0.039470881771113,10.0679529824751,4.06500839046728,7.8270021649165,7.83257093366323,12.8192886372514,12.0851996879605,12.0258502695102,15.3780441666582
"LL0000011286","LL0000011286","ENSDARG00000038248","ggact.2",1.00528267353137,2.00733676473731,2.98986954912216e-06,0.00010125264774099,197.525851306003,120.211358610753,160.598318986386,121.318533556206,343.654049714474,225.816699840813,240.696893785213,199.118015837415
"LL0000008538","LL0000008538","ENSDARG00000089724","cyldb",1.00362241887715,2.00502804860819,0.00197543905461294,0.0256854839165799,25.0538547281462,16.4032471111021,21.1427012631978,9.14626887855139,25.4377570359786,31.3302837346529,23.666379022618,40.2839989598683
"LL0000012620","LL0000012620","ENSDARG00000090953","igsf5b",1.00252066916738,2.00349744392106,0.0032845477705921,0.038166899310048,9.79071366707904,21.6941807707331,24.170399375921,29.0624714846496,26.6552765555409,42.2854025263955,32.5200671237383,44.0268871776553
"LL0000000196","LL0000000196","ENSDARG00000101456","acp5b",1.00247496796158,2.00343397881153,0.00101452684113121,0.0151133585768294,13.3276382777705,10.0679529824751,23.3737982451869,11.7405032473747,31.3302837346529,29.5829737782725,17.120699557944,21.0452379716428
"LL0000012159","LL0000012159","ENSDARG00000055991","hmbsb",0.999961371219105,1.99994644985579,2.78121726519833e-14,4.15467505799544e-12,280.895888211056,261.176789087523,326.777340385264,299.595838212619,642.936630114455,534.770086192252,392.844442137333,457.240513221971
"LL0000005342","LL0000005342","","cdhr5a",0.997210850108985,1.99613715244187,0.00256929288957278,0.0315560001584291,8.81164230037114,9.86099125942415,9.06389976597037,9.01938770213263,13.3276382777705,16.8134814807335,12.1950251714018,21.5242559535204
"LL0000020673","LL0000020673","ENSDARG00000034852","nt5c2l1",0.995811330376124,1.9942016922934,5.41684989653318e-11,5.0574193356903e-09,307.661336061635,304.485274499833,359.425921474362,240.851747135186,652.331711682259,458.420795319975,399.370146006678,517.649386634308
"LL0000001227","LL0000001227","ENSDARG00000062221","arap1a",0.990481012135521,1.98684731960062,7.7383739899978e-09,5.09992985826105e-07,114.836487030701,107.621279767602,128.258349038735,88.7489213348174,189.334795111381,196.422221068666,194.788559444337,174.17558659682
"LL0000024960","LL0000024960","ENSDARG00000036700","si:ch211-114n24.6",0.99007619336238,1.98628989045767,1.44019012678277e-07,6.84192090442788e-06,900.476138836835,1183.33239844639,1482.51675659954,1837.33796094399,2821.02028978356,2592.55056370929,1538.1820329548,2215.44268858665
"LL0000022780","LL0000022780","ENSDARG00000002165","psme1",0.987701135500892,1.98302262173821,0.000522342999119587,0.008827957827358,18.6023559674502,21.6941807707331,23.1632994019243,32.0689340520271,42.0333207221991,39.265016631653,48.7801006856074,32.2863839302806
"LL0000026839","LL0000026839","ENSDARG00000104956","si:dkey-165o8.2",0.982974162411761,1.97653590440599,0.000559360818737953,0.00934202053108374,75.1210314142932,95.2414445408687,49.3360507306655,56.1401132377469,92.5043520029814,122.194152217447,104.157831309626,144.912352986437
"LL0000010246","LL0000010246","ENSDARG00000038956","fdx1b",0.982074014981309,1.97530305980856,0.000794040289907171,0.0124422781790874,27.1834730526828,12.1950251714018,17.6107548710621,15.6651418673265,26.6246764004452,37.2626990378782,29.0624714846496,30.7560883333164
"LL0000028782","LL0000028782","ENSDARG00000104981","SLC45A4 (1 of many)",0.979934151312291,1.97237538213353,3.63472060721688e-05,0.000922889541146881,32.5412711560997,32.2271991678947,24.0517005390204,26.6552765555409,47.3193790176331,46.7475964903737,39.1350108245825,60.7024247358901
"LL0000004423","LL0000004423","ENSDARG00000099775","CABZ01074307.1",0.97887274196783,1.97092481379838,0.00258593580039806,0.0316423511592697,21.06307733013,45.7324098191905,19.9528899054956,34.5595912572032,59.692893233095,67.5502769285901,31.9733038436839,48.924196194394
"LL0000011103","LL0000011103","ENSDARG00000004059","galk2",0.977950195833376,1.96966488859919,0.0021851010421158,0.0278196884097783,61.1381458084297,67.4756982577794,31.0667798629013,41.0081177777552,128.869798175682,91.4626887855138,63.5943925899465,61.681496102598
"LL0000001726","LL0000001726","ENSDARG00000052376","b3gnt2a",0.977253070948617,1.96871335644964,0.000318001325690671,0.00580498143007228,12.8488716110297,11.2795197087631,20.9149579270565,17.428450055546,35.2378354386629,26.0262162199668,16.7400008802152,27.0811140031406
"LL0000011040","LL0000011040","ENSDARG00000020371","g6pc3",0.976750268737946,1.96802734802343,8.17743221191613e-09,5.37611185198564e-07,67.6633943332962,59.4009225966032,72.1538989307943,75.3348958373213,133.153705872275,120.304093364975,105.745497269654,96.2068021560814
"LL0000011872","LL0000011872","ENSDARG00000026820","gucy2d",0.976262674130956,1.96736231670902,6.05965955573499e-05,0.00144065593098283,57.9263695641588,63.5943925899465,136.090919972399,107.484804727723,170.199895605444,159.34251607101,131.225976888817,161.087247719602
"LL0000010055","LL0000010055","ENSDARG00000079486","fam20a",0.974517819708577,1.96498434650922,2.69231689687769e-07,1.20656181733573e-05,56.2798571720359,70.4567579277742,95.3915888849198,75.926984488198,116.892190389214,139.201358405825,119.085982293825,127.371213817708
"LL0000039672","LL0000039672","ENSDARG00000114236","znf974",0.973477908930239,1.96356847408687,1.72303774285985e-05,0.000486156997563049,43.3052988818584,33.381756039782,57.3293486533018,50.6720073607973,100.121156657209,61.8724521136649,74.9479131214901,65.0233763646429
"LL0000025502","LL0000025502","ENSDARG00000104893","si:ch211-207e19.2",0.969227988681974,1.95779266576114,0.00204886674605175,0.0263724164358954,8.49586753607662,13.8244425737838,9.66343438940701,14.3378812912027,17.120699557944,23.4303649417623,15.3780441666582,23.9818640042557
"LL0000009590","LL0000009590","ENSDARG00000100185","elovl7b",0.966800999961675,1.95450191743404,3.45274873005961e-09,2.41773334902533e-07,205.441608770799,184.536529999899,256.732801053116,236.786738744719,457.879626647615,332.884264680687,339.218099324191,300.115792251019
"LL0000028616","LL0000028616","ENSDARG00000073743","slc25a37",0.965654731023625,1.95294961775907,1.46146246437035e-09,1.10821904324051e-07,197.772416074997,203.136419944138,238.68269383722,238.512697011952,315.762506888715,433.928773544678,343.493208994485,376.674479186606
"LL0000030531","LL0000030531","ENSDARG00000087285","tmem182b",0.962003407364533,1.94801313790845,0.000948409475634161,0.0143753001072869,20.1359059649502,21.3412940499532,16.6323796004476,17.6232846007423,43.3883615414663,25.1774993499177,33.071088241153,25.630073611097
"LL0000026810","LL0000026810","ENSDARG00000042698","si:dkey-15j16.6",0.960576649546664,1.94608759645442,2.20140827310889e-05,0.00060239443086693,69.8959048692773,61.749527266514,48.7537097411806,93.4308350522028,135.008975753815,105.330924102655,110.669853430472,111.329322043231
"LL0000012294","LL0000012294","ENSDARG00000018351","hpda",0.959878645362167,1.94514626880345,1.08558693086556e-06,4.18956342789263e-05,90.6389976597037,61.1314055366767,72.7894090555155,57.3873320001082,110.771478640233,117.405032473747,109.655993071285,118.33189511309
"LL0000021168","LL0000021168","ENSDARG00000042452","p2rx4b",0.957522464888499,1.94197208781738,0.000429536124887465,0.00752920264804371,18.5090805939391,11.924063692121,17.988667694809,11.7898338611046,28.2607440218077,21.2803189240962,21.9547410725908,27.9720689468448
"LL0000005407","LL0000005407","ENSDARG00000042725","cebpb",0.956286080656692,1.94030853796127,3.03909874209907e-07,1.34184443475044e-05,459.522192689166,442.116888584555,548.178341451839,715.591655221829,1170.90293186186,887.188081219484,814.008225151316,670.663886194914
"LL0000021376","LL0000021376","ENSDARG00000099931","pcdh1g26",0.95542511767636,1.93915095759411,2.39861176399132e-05,0.000643675366486654,540.391603402331,470.281094675297,390.827866826702,462.110153828321,507.072335254115,897.485349720135,637.937107545927,971.005510928666
"LL0000008587","LL0000008587","ENSDARG00000101190","cyp2k8",0.954654983613991,1.93811608353489,1.3038847435284e-09,9.96027183770888e-08,94.9601318569996,86.066731712254,92.683410606917,82.156600424537,191.835974964339,153.032885333622,129.785555386644,126.239761167397
"LL0000013364","LL0000013364","ENSDARG00000079922","klf4",0.953921950664196,1.93713157742567,8.13308889829338e-08,4.14972727488066e-06,46.962012989499,37.2047119349004,65.0825423121994,57.4046985178123,91.1960312104522,92.2682649999493,75.5096473685634,90.446436687897
"LL0000020014","LL0000020014","ENSDARG00000098641","nbeal2",0.952449512895222,1.93515551834334,3.38350372499248e-14,4.99884789347928e-12,154.817562772959,175.235395475427,188.404987555659,196.838965333225,313.113337754976,305.891881382663,257.31269617163,292.742338645663
"LL0000010759","LL0000010759","ENSDARG00000117555","FP236157.6",0.952217771238216,1.9348446971943,9.3336629601791e-08,4.67361011799359e-06,120.856569506424,114.742494294659,102.623487350265,85.0528260311108,171.495948546572,194.331628467735,157.234524543274,187.251243042921
"LL0000004623","LL0000004623","ENSDARG00000067784","CABZ01088428.1",0.951357587943686,1.93369142157099,0.0023539784124937,0.0295362228341311,99.4446856110565,135.917365263414,116.879153746911,110.556405579446,92.032708470543,239.622087604007,203.434194747335,208.448071338176
"LL0000001932","LL0000001932","ENSDARG00000096829","blvrb",0.951205895117728,1.93348811339602,2.85995049655672e-14,4.24868557469136e-12,454.289114152468,487.132968215553,680.799582421775,526.13094929107,1148.22729777715,890.007043650801,722.555241405559,841.402732728523
"LL0000012632","LL0000012632","ENSDARG00000013539","ikzf1",0.950271320775605,1.93223601009254,0.000143572504229866,0.00299497367434979,30.7560883333164,42.2854025263955,41.6663360022896,23.4810064947495,71.472209769677,64.096443186257,35.2484990898848,57.1227887801734
"LL0000029247","LL0000029247","ENSDARG00000036189","spata4",0.94874082246496,1.93018726397018,0.0030453515426199,0.0358836361216067,26.6552765555409,25.1698824561878,14.2275293666355,13.6972537886039,46.0163542352715,26.6246764004452,24.170399375921,35.0753966194047
"LL0000026613","LL0000026613","ENSDARG00000089200","si:dkey-103g5.4",0.948072782796604,1.92929369801801,0.000117637817390137,0.00253053061744271,17.0366212151394,18.4536529999899,29.1970636491778,28.455058733271,35.2215097421242,44.0582115018557,28.59687465233,42.2981989078617
"LL0000003967","LL0000003967","ENSDARG00000052016","cabp2a",0.944303725404722,1.92425997422996,0.00382530023676582,0.0428755723494773,12.5081816770391,5.01077094562924,9.37035491221707,13.0883388772177,18.4449755717453,19.890369251594,11.895717105501,14.7914868891362
"LL0000001114","LL0000001114","ENSDARG00000071475","aox5",0.941356602636957,1.920333127737,3.01705222765185e-11,2.93933033874387e-09,380.834855166855,328.546229363018,318.315262220381,279.959568583686,651.407432051406,521.75774806604,445.477471852096,499.547956211168
"LL0000022219","LL0000022219","ENSDARG00000078619","pnp5a",0.94038320892455,1.91903790616338,1.55738073283781e-23,6.75425976214127e-21,1987.86850927669,1676.31417158211,2435.95627798752,1950.88028960544,3495.28477914722,3211.72485319445,2890.37692537055,3337.17344978907
"LL0000027853","LL0000027853","ENSDARG00000104916","si:dkey-71l4.4",0.940097836348806,1.9186583480342,0.000294557418865704,0.00547363817268827,39.0444055904382,25.1442444547942,31.212795170648,20.9250234524981,49.3881827247986,39.855672101535,52.5313988733045,51.0747254800963
"LL0000025576","LL0000025576","ENSDARG00000020952","si:ch211-214j8.1",0.940045417641279,1.91858863699975,0.00330942313865107,0.0383399736213652,11.0236960803843,6.15121766666329,15.1019294737127,11.178773073785,24.4593817653641,14.6860705006186,13.8053877631938,17.120699557944
"LL0000025856","LL0000025856","ENSDARG00000101191","si:ch211-255f4.13",0.935821526518182,1.91297964991127,1.94804450189617e-05,0.000541685301049494,54.8279965356426,55.5864077293739,83.3778068471875,60.5301130232012,100.510896673278,136.924160561662,65.0299717265003,120.007510693582
"LL0000026012","LL0000026012","ENSDARG00000026505","si:ch211-285c6.3",0.931602314256578,1.90739324660932,0.000499453945470644,0.00851605398843383,16.9965350475744,27.055105703874,25.1698824561878,26.0465412619191,42.5495405190273,27.2181839944797,36.4856676598694,45.3194988298519
"LL0000040299","LL0000040299","ENSDARG00000097799","zgc:194207",0.931145010912607,1.90678873972712,0.000199025046056559,0.00395534697961183,21.8799076616901,13.2961199276519,25.5733440984105,19.3176818772119,31.4618031876572,41.32883875955,27.8035038533181,32.4590804154998
"LL0000023645","LL0000023645","ENSDARG00000002193","rho",0.929678437529186,1.90485137621598,0.00118873743819071,0.0170838914887814,134.14527688542,86.0970238140815,52.8698538022268,64.096443186257,156.10049596949,128.275736208109,111.747120944383,169.141610105582
"LL0000004194","LL0000004194","ENSDARG00000090844","CABZ01054965.1",0.92664889196796,1.90085553582036,0.000131999453167484,0.00278379082056508,20.1359059649502,15.2437814642523,16.2214619867894,18.6023559674502,27.6107755263876,30.2129992199012,27.0581631063979,30.7663403627609
"LL0000004199","LL0000004199","ENSDARG00000113739","CABZ01055489.1",0.923121173406081,1.89621318842005,1.476748918742e-06,5.50739274286458e-05,42.1853206078165,44.8260198425935,41.6094419325052,59.1542098944119,87.3797639349016,71.1478093541536,67.390488639931,75.5255652278477
"LL0000021170","LL0000021170","ENSDARG00000042440","p2rx7",0.922756304934001,1.89573368242107,2.1263806287264e-07,9.7570390317106e-06,78.1680267518162,90.2178591110615,89.6047815440286,92.4789408831307,120.340158285591,136.090919972399,128.192886372514,167.178595683454
"LL0000025243","LL0000025243","ENSDARG00000096041","si:ch211-162i8.2",0.921303040499541,1.89382502180141,0.00101250964631874,0.015091669556466,29.1756862466846,34.4340179383641,31.8530554838714,28.3815594575974,54.7861505825228,45.0737487172129,59.6352369461784,34.779716171989
"LL0000019760","LL0000019760","ENSDARG00000069566","mucms1",0.920769215020281,1.89312439900548,3.48539942972352e-05,0.000891711753242966,37.1782602833534,31.2617487389834,40.4103421811202,43.1542338857589,91.1459235009959,59.3284943949674,50.1585417586911,52.8146215131462
"LL0000027371","LL0000027371","ENSDARG00000079236","si:dkey-253d23.11",0.920459125931688,1.89271753953814,0.00338672162705139,0.0389835435915175,121.260656884228,85.0918443888421,55.3737414036132,78.0075110130671,84.1402732728523,162.525846873512,127.206787246572,161.135995839473
"LL0000024144","LL0000024144","ENSDARG00000037425","s100a10a",0.920281391380265,1.89248437828611,0.000577616739899576,0.00958670360929354,45.1089295555308,31.2106542456729,53.8613611736915,23.4810064947495,50.911711068811,61.1381458084297,61.8560804028778,67.1443306714318
"LL0000022062","LL0000022062","ENSDARG00000069031","plac8l1",0.915516987074654,1.88624488307397,0.000588912507661109,0.00973878746525189,17.0366212151394,13.3276382777705,25.1698824561878,22.3575461475701,28.3728828478223,39.1628546683162,26.6246764004452,28.1987992719078
"LL0000010519","LL0000010519","ENSDARG00000094938","FO834814.1",0.915499984291243,1.88622265299533,0.00335726674814396,0.0387939602882866,12.1218153909,15.4775194467042,10.8110467402909,7.99901306600358,18.1738068911187,16.6473625701656,19.5219636041715,21.354977332766
"LL0000020721","LL0000020721","ENSDARG00000113961","nudt15",0.913841408944552,1.88405542797226,0.000961717399591532,0.0145278759312453,19.0409295933911,30.7560883333164,24.1630871579403,14.2275293666355,42.0701366364262,39.1628546683162,24.6524781485604,34.2413991158881
"LL0000039033","LL0000039033","ENSDARG00000099845","zgc:174275",0.912669648726351,1.88252581509791,6.65792746521509e-05,0.00155673923141016,44.227255023309,55.8670710997544,32.5403921656906,47.9990907763504,82.1636690941273,76.5607361381691,51.714583664731,81.1644677773024
"LL0000028046","LL0000028046","ENSDARG00000092452","si:dkey-95p16.1",0.910421853368515,1.8795950238333,0.00414465086043258,0.0458058022960015,9.78375270614562,16.6442132340344,20.7080816447907,28.1987992719078,39.0840133759081,28.7056824444287,30.2038589474254,25.4063024404205
"LL0000008209","LL0000008209","ENSDARG00000097878","CU694532.1",0.910415428944431,1.87958665388101,0.00119793302984699,0.0171793179944297,51.6485988000974,61.1174011506756,31.6602237570872,46.6723320509658,61.2564777035428,103.429167329462,56.6116901437192,92.9243948843934
"LL0000018693","LL0000018693","ENSDARG00000007988","masp2",0.909353373760794,1.87820348550405,5.05836653509743e-09,3.4434029813224e-07,211.427012631978,196.136654840046,180.021049793079,170.358417807175,390.495253873196,312.200991938979,264.568705929224,265.527562610965
"LL0000027847","LL0000027847","ENSDARG00000094753","si:dkey-71d15.2",0.906269555013356,1.87419303769211,0.000248094180330055,0.0047178249044518,49.9326397021031,66.0686414381418,63.4472983617926,61.1314055366767,67.6633943332962,122.829026386196,92.4789408831307,103.707778685144
"LL0000039681","LL0000039681","ENSDARG00000110323","znf986",0.901796341079712,1.86839092261152,0.000661510451912861,0.0107346738331231,35.4197060854642,38.9537333313217,48.2870586833068,38.3991726751601,42.5708003691686,79.6886657915561,60.9863554322354,64.9543494258269
"LL0000021531","LL0000021531","ENSDARG00000018263","pdia2",0.900861038954239,1.86718003353457,0.00151789519175894,0.0208557403225377,25.1774993499177,25.0538547281462,15.3780441666582,20.1359059649502,38.6175797094392,26.4161323065932,27.4139982678213,43.3883615414663
"LL0000002446","LL0000002446","ENSDARG00000105511","BX248521.2",0.897738992348236,1.86314375426352,4.68793053592205e-06,0.000152792441430798,33.724595578084,30.3707937952792,34.9276310408803,31.0891761972784,52.1621255440004,53.0747564338597,44.5909637593823,63.1702303878616
"LL0000018976","LL0000018976","ENSDARG00000071345","mgst2",0.896005602878166,1.86090654244438,2.07612063296424e-07,9.59189135734972e-06,448.024276880677,411.410410377395,398.266096300503,335.015818185371,855.383353344069,517.617843400151,524.908116437419,633.654988533356
"LL0000027513","LL0000027513","ENSDARG00000040864","si:dkey-286j15.1",0.893176579173133,1.85726101082517,0.000178446504490682,0.00358078213376861,714.72209769677,1056.11216388433,1860.11365197192,1730.72028462034,2579.4106082208,2149.50796175844,1782.5061792199,2021.32330908969
"LL0000025690","LL0000025690","ENSDARG00000096917","si:ch211-227m13.1",0.890747879787682,1.85413704221561,0.00180252935558873,0.0238759664248401,26.6246764004452,54.3833985958222,64.1378681040543,49.2097413333063,68.4620802808308,64.0238821498597,75.3348958373213,92.032708470543
"LL0000027904","LL0000027904","ENSDARG00000040284","si:dkey-79d12.5",0.888687350322416,1.85149076085983,2.45112455918546e-06,8.57064866995291e-05,101.751028143914,92.032708470543,93.6794169645295,81.5750978937333,153.329590936255,175.309703499904,147.998908842384,119.917747518785
"LL0000039459","LL0000039459","ENSDARG00000098196","znf1077",0.887882488691767,1.8504581252524,0.000581767440076383,0.00963247826121543,14.2202516328335,14.0301586477619,19.4173437677671,25.0591349733806,28.7904219254845,29.5958519360905,25.3383669704006,29.0899242153013
"LL0000022965","LL0000022965","ENSDARG00000114885","PXMP4",0.887490897686839,1.84995592319101,1.09641593681657e-09,8.49611761529127e-08,80.9883212136506,93.8516465767532,98.7322307126786,101.997440942722,165.668166326628,164.693814939782,126.503922490463,132.213797360235
"LL0000022060","LL0000022060","ENSDARG00000043729","plac8.1",0.887138679546643,1.84950433190963,0.00398056475695389,0.0443019063533664,23.1632994019243,9.01938770213263,23.5796677222093,13.0883388772177,30.4875629285046,26.4161323065932,17.6232846007423,32.5412711560997
"LL0000003927","LL0000003927","ENSDARG00000093052","c6",0.885678221464185,1.84763300308104,4.7957752703526e-08,2.62829044000242e-06,379.249720896855,341.2269668168,470.393046358775,516.939890908106,829.67422159417,669.026583725753,623.430099513299,588.97909158301
"LL0000000147","LL0000000147","ENSDARG00000027070","acbd4",0.882812150392246,1.84396612211095,0.00258355104308321,0.0316343825125066,48.1845383888624,27.1834730526828,19.3087898547196,38.1566355539679,50.911711068811,63.1103440603146,41.291098933865,53.11417202367
"LL0000027023","LL0000027023","ENSDARG00000101998","si:dkey-1b17.2",0.880411309980427,1.84090006401848,4.25116775863102e-08,2.38145103878812e-06,74.5253980757564,69.8601685239629,79.0226429577343,87.5911909475335,115.852739128318,126.406084963401,101.823422137622,134.799750516328
"LL0000021395","LL0000021395","ENSDARG00000099468","pcdh2ab2",0.878678528198055,1.8386903362988,0.0045638813794025,0.0495430788900903,87.3596280289366,85.8021646017882,67.2045973385143,88.9877965200814,64.7078246443413,172.737787539915,123.375202223283,158.680911741024
"LL0000025907","LL0000025907","ENSDARG00000068947","si:ch211-264e16.1",0.876737395994637,1.83621805984605,6.78078319568489e-12,7.38171981169114e-10,555.913382250037,554.448819684148,696.847915408659,566.670675511911,886.372512624127,905.89728233661,803.803771078806,1064.64220415818
"LL0000006995","LL0000006995","ENSDARG00000086708","CR847543.1",0.875980475732628,1.83525492759942,0.00010346434918845,0.00226367199782606,16.6442132340344,18.7358833929059,25.1774993499177,21.0452379716428,33.8316971666481,35.2378354386629,28.455058733271,32.2863839302806
"LL0000027478","LL0000027478","ENSDARG00000094485","si:dkey-27h10.2",0.874751467070874,1.83369216923364,0.000426414241625851,0.00747935586632584,16.6442132340344,18.7358833929059,17.120699557944,20.043083782517,28.7056824444287,36.2446307369104,24.3900503428037,26.4161323065932
"LL0000002503","LL0000002503","ENSDARG00000094712","BX294165.2",0.874655088811923,1.83356967476964,0.00152992462011042,0.0209888485255862,14.2356976719329,15.5212002423336,30.3842062154807,27.2485724023318,45.3754823210862,31.1301106218131,31.1278017500032,30.6916322391788
"LL0000025609","LL0000025609","ENSDARG00000093494","si:ch211-217k17.9",0.868783690053763,1.82612268046972,0.00120567160385908,0.017260550825176,223.844501588928,259.831793291151,297.639794170377,373.173871777573,262.773572842601,532.516099151214,463.749878271302,477.786826953457
"LL0000039023","LL0000039023","ENSDARG00000079376","zgc:174153",0.868715854902375,1.82603681866751,3.1708388669519e-06,0.000106842965280037,967.038706338879,571.150812379131,982.622143136589,781.477538025383,1754.46167027686,1090.78340964928,1059.87906254543,1117.64933814233
"LL0000013045","LL0000013045","ENSDARG00000074378","junba",0.867053165552482,1.8239335445844,0.000317404598662071,0.00579802462868507,171.746604497243,79.2483969197795,106.718778971162,110.443102105551,271.916992979111,169.364057962268,139.427600444368,169.141610105582
"LL0000025173","LL0000025173","ENSDARG00000104929","si:ch211-153f2.7",0.866226040076851,1.82288814726955,1.3203552629936e-08,8.39315193064654e-07,122.090199428476,154.334374201247,149.544275138771,177.461463810405,245.495097076532,249.695301918365,215.150731586457,240.112858914226
"LL0000038974","LL0000038974","ENSDARG00000079191","zgc:172122",0.864257462378596,1.82040248696895,0.000277536153554458,0.00522962132650723,52.0167288934624,24.8854403574587,49.3761368982305,47.0670671794186,74.4525123054035,74.6233915280031,42.3342979594921,77.8165922259442
"LL0000018494","LL0000018494","ENSDARG00000057789","lyz",0.862177485455885,1.81777984885976,3.75560713511239e-15,6.19536934086116e-13,1198.79456282449,1125.10951972652,1470.73858902557,1067.3242760447,2444.44264058477,1856.44998634455,1511.84775806162,1875.08555739093
"LL0000010107","LL0000010107","ENSDARG00000075296","fam83c",0.858821329813661,1.81355604458858,0.00185661552695335,0.0244239407555033,101.751028143914,79.3047807033402,80.860128327278,93.6602975816938,79.170180940942,174.28450055546,139.944546456404,164.632839813925
"LL0000039703","LL0000039703","ENSDARG00000008333","znfl2a",0.858331046776775,1.81293983348892,8.985620971799e-08,4.51615630487296e-06,59.4617707777451,52.0815207783438,80.9952921800606,61.6376420487174,111.594554377367,94.4880182478022,80.4975009215569,101.838908698969
"LL0000005549","LL0000005549","ENSDARG00000038728","ch25hl2",0.853122246274356,1.80640607902452,0.000362355916939554,0.0065086093858301,30.2038589474254,28.455058733271,30.8775235405956,23.4977128009897,57.1937493046601,48.340798751842,24.0517005390204,49.2097413333063
"LL0000000577","LL0000000577","ENSDARG00000102716","AL645691.2",0.853106790561634,1.80638672694867,0.00165318571992504,0.022281960312313,21.3090133939852,20.0024280218425,28.9518703376693,13.3642166549363,28.7117175184556,37.7684764733126,30.2541987123377,35.6297985424457
"LL0000029756","LL0000029756","ENSDARG00000052429","syngr2a",0.852561895503448,1.80570459710382,2.14182991464878e-09,1.54816302620944e-07,301.638389384989,251.174721388751,409.765686386737,378.025455271505,589.960288180581,481.703112420289,404.30064163639,538.768273089019
"LL0000032059","LL0000032059","ENSDARG00000101364","wfikkn1",0.851677088209329,1.80459749496707,0.00296731174651214,0.0351799142645348,9.79071366707904,11.833189511309,15.1064996099506,20.043083782517,22.5544647777654,22.1494965614453,22.3575461475701,21.5242559535204
"LL0000038531","LL0000038531","ENSDARG00000006588","zgc:111983",0.847565475734203,1.79946179937452,7.66145748607378e-12,8.24035721372151e-10,778.129034832906,725.859138224526,822.147946972008,751.392207831984,1424.54883856,1213.88802403511,1061.48337259253,964.072329939066
"LL0000025602","LL0000025602","ENSDARG00000055642","si:ch211-217a12.1",0.847060726969431,1.79883234046173,6.01526827706503e-07,2.45439375875572e-05,196.838965333225,138.937751158157,137.194033178271,121.318533556206,259.453912177595,219.900105085159,187.320595163388,237.510542822826
"LL0000009256","LL0000009256","ENSDARG00000101873","dtwd2",0.846898037652522,1.79862950181859,0.000257403385230853,0.00488448809137079,65.461498309786,57.1227887801734,78.9406267221788,75.5096473685634,75.2026552236447,108.599655038216,106.718778971162,118.33189511309
"LL0000006095","LL0000006095","ENSDARG00000092124","cox14",0.845629375854281,1.79704853739303,4.77826943456223e-10,3.9171611837178e-08,175.253774640715,121.290192490917,170.199895605444,158.340361881884,287.056824444287,237.603690386413,195.12040274243,254.377570359786
"LL0000028143","LL0000028143","ENSDARG00000093936","si:dkeyp-1h4.6",0.842924610354268,1.79368258598184,7.92907358058004e-06,0.0002420032457528,126.210409909279,82.241994803464,111.429201231493,95.6744975296872,165.355441205765,170.183688777684,168.134814807335,142.275293666355
"LL0000004149","LL0000004149","ENSDARG00000116445","CABZ01046954.1",0.840540457576568,1.79072085005659,6.1265556592303e-07,2.49286164431176e-05,67.0547405640842,56.3975985438156,71.1529474279352,72.7894090555155,94.6387580352661,114.836487030701,81.2051474610087,114.551349904825
"LL0000039484","LL0000039484","ENSDARG00000111465","znf1104",0.840517722745597,1.79069263105402,0.000342657387837698,0.00620452154987735,82.9346828586289,81.4651140340402,102.66382285661,112.670461826879,103.159750429083,189.912423778993,129.580095383791,139.030115766621
"LL0000012008","LL0000012008","ENSDARG00000004392","hdr",0.837231367195203,1.78661820440708,2.62686246990498e-08,1.53551532507119e-06,146.604021055475,131.890184070424,141.259041568738,121.318533556206,264.349269011134,209.053014699792,166.171495709457,179.385599853527
"LL0000040249","LL0000040249","ENSDARG00000062943","taco1",0.836539251581506,1.7857613013484,4.74703712344214e-07,1.99131171937965e-05,113.79482772518,104.878124801751,109.821859656207,103.147179336743,216.635671063335,196.910729539336,128.507351868312,140.039539051598
"LL0000025958","LL0000025958","ENSDARG00000089706","si:ch211-276a23.5",0.834817225524115,1.78363105699801,8.09582424433969e-05,0.00184325671554657,32.5412711560997,47.3336987778453,44.0947843215373,50.2349442777502,67.4552849825833,85.3651761998129,51.8538893425718,59.7233533691822
"LL0000011619","LL0000011619","ENSDARG00000094860","gpr186",0.834044870914093,1.78267643599734,0.00160229503087335,0.0217596520632088,34.2431344715097,21.5395700675739,35.4995685339269,37.2626990378782,68.1464848605577,59.4617707777451,40.2718119299005,33.5363192213551
"LL0000006546","LL0000006546","ENSDARG00000098142","CR391944.1",0.833540717111383,1.78205358358371,0.00347755093451032,0.0397736567750098,14.6633756213921,18.0187323204828,14.0247762799923,15.2529487684498,21.3921066548341,31.444981197552,18.2400995617683,22.0195934822941
"LL0000011528","LL0000011528","ENSDARG00000074441","gp1bb",0.832003034892868,1.78015521128439,0.000500509089136018,0.00852863681735005,26.6246764004452,46.3265988038486,52.1120178345441,31.7812912777603,67.4552849825833,56.9101174665419,53.8106398838009,57.7652106357664
"LL0000000327","LL0000000327","ENSDARG00000056250","add3b",0.830312418677575,1.77807036556198,1.97231799476826e-06,7.07115447484317e-05,145.985318245889,120.933999616402,106.642904496987,101.823422137622,176.511743543692,212.498094513305,164.353287016639,175.309703499904
"LL0000030045","LL0000030045","ENSDARG00000006939","tbx16l",0.829198497142802,1.77669802672586,0.000882528919499016,0.0135834688702971,18.1277995319407,27.0581631063979,36.3126882922023,29.9320242168985,58.9426216617756,39.4285234057669,29.6854438385837,39.4439650376966
"LL0000022924","LL0000022924","ENSDARG00000090156","pttg1ipa",0.829160451564102,1.77665117371021,1.59885952273264e-09,1.19421482518772e-07,138.049062705814,149.887067143247,170.199895605444,145.312357423248,235.796677222093,225.522146807443,215.445444694766,246.55056819487
"LL0000023320","LL0000023320","ENSDARG00000059163","rbp3",0.828544586400725,1.77589290947316,7.44217649264489e-05,0.00171511873888344,35.5688234165887,27.3945075772077,35.2465692014846,42.4022624155239,57.4046985178123,64.1378681040543,36.9073059999797,60.4077178948507
"LL0000030487","LL0000030487","ENSDARG00000114991","tmem14cb",0.828221353202088,1.77549506846783,0.000269305811393022,0.00509596337969527,31.0667798629013,28.7056824444287,25.1698824561878,29.4713108308878,52.8322646131864,49.9326397021031,32.5412711560997,35.2484990898848
"LL0000010974","LL0000010974","ENSDARG00000076839","ftr86",0.8227994229146,1.7688349334348,1.04214661688196e-08,6.73125073518997e-07,119.256348505976,111.747120944383,129.876593473929,103.657713956916,198.610179934756,169.379346440467,156.789761024844,159.12179589148
"LL0000019416","LL0000019416","ENSDARG00000059029","mmp28",0.820837068215326,1.76643059860874,3.56986053787747e-07,1.54324726692905e-05,183.801067672075,141.663000432887,166.090927711537,131.031660228205,318.253750043714,248.718710479065,179.764833547439,216.759041204656
"LL0000025844","LL0000025844","ENSDARG00000074904","si:ch211-253b8.5",0.819070534744373,1.76426898508875,2.92295288700729e-05,0.000766783221255992,103.707778685144,83.2210661701719,70.9991370678539,96.681597503684,183.39421661003,140.452803388812,111.754278105474,117.885243323551
"LL0000026925","LL0000026925","ENSDARG00000089026","si:dkey-183k8.2",0.818146751869514,1.76313965439512,0.00142590572335615,0.0197859669451654,15.9348328906317,17.3955123115269,22.5284321479489,30.3718530790264,40.6364839507672,35.3660213342512,24.3588219599866,33.2645166540978
"LL0000008895","LL0000008895","ENSDARG00000039453","dhrs7ca",0.818085055985319,1.76306425652449,3.13754816586966e-07,1.37627296300276e-05,127.206787246572,106.752597243651,171.36836634052,139.427600444368,265.793958737343,204.266671620981,167.30217127509,176.232846007423
"LL0000024076","LL0000024076","ENSDARG00000052903","rtkn2b",0.817847198249937,1.76277360334312,0.000681636469229224,0.0109817393775342,70.0130379419115,64.4543983357893,96.2068021560814,132.251179833261,113.767868701969,169.714100302009,113.491531391289,139.028134072522
"LL0000002306","LL0000002306","ENSDARG00000093550","BX005438.1",0.81597928764423,1.7604927520592,0.000996053657809105,0.0149219931856262,18.5090805939391,17.120699557944,23.0495463498945,15.0089711066584,31.8751391425162,30.1013871314102,17.600971118356,31.3107023073188
"LL0000030333","LL0000030333","ENSDARG00000111805","timp4.1",0.815580276117974,1.76000591336602,0.00278285312152074,0.0334951376833354,100.121156657209,114.469906661904,110.635064437993,135.095580254111,100.709997399671,200.43083782517,179.953872838234,215.454193824968
"LL0000025643","LL0000025643","ENSDARG00000071578","si:ch211-222k6.3",0.813930830500704,1.75799483336758,9.38127160193326e-05,0.00208991725024344,102.834071763001,114.805999467772,65.8250882069477,81.7132962654417,144.818517635903,152.102309072723,119.486843969475,141.221705597145
"LL0000020031","LL0000020031","ENSDARG00000080337","NC_002333.4",0.812490668701639,1.75624080103578,9.8828252553968e-14,1.34211761763820e-11,45014.8866639371,41989.9098642358,44992.245585695,44446.4459036025,60771.4337308833,74292.6965024665,59367.4521068563,74693.1363816847
"LL0000003396","LL0000003396","ENSDARG00000099699","BX649620.1",0.812337841023616,1.75605476865862,0.0033802103146723,0.0389419345120923,62.0848009693345,82.59226886747,59.8185835489219,52.0495534894158,64.3744913699459,115.232825348771,95.1567788199723,103.948007003378
"LL0000027425","LL0000027425","","si:dkey-264b2.3",0.811746342806852,1.75533494199247,0.0035874797809293,0.0408225746209936,146.169473438444,105.100953286296,224.462495280407,307.140550125942,312.368309234273,362.700373639443,239.105132385493,236.700293615303
"LL0000019377","LL0000019377","ENSDARG00000070991","mlpha",0.807876001292213,1.75063218721533,0.00023256780786414,0.00447318725726671,41.0081177777552,24.1630871579403,37.6013276118224,26.4161323065932,58.7442820024743,43.3883615414663,40.2839989598683,48.1034010780407
"LL0000000214","LL0000000214","ENSDARG00000069029","acss2l",0.803614687971566,1.74546894374873,2.26902069669874e-08,1.37723922152443e-06,92.4789408831307,83.1618980022378,78.3257093366323,79.8740292013356,142.001096333536,131.282198775486,105.59590327772,130.883388772177
"LL0000021382","LL0000021382","ENSDARG00000099035","pcdh1g33",0.800928754871873,1.74222234536734,4.48826670776472e-05,0.00110821858131392,801.530952539773,629.387128749243,676.043194442406,846.73561587509,818.625257005052,1224.70572787998,880.185528455685,1410.44042016574
"LL0000007911","LL0000007911","ENSDARG00000114529","CU457778.3",0.800923918187974,1.74221650451782,3.37664969462825e-05,0.000872187643024582,160.551877854555,141.945119347785,125.156775457709,159.113928935037,184.37861807062,252.4893060875,205.732266286332,207.869695748661
"LL0000021780","LL0000021780","ENSDARG00000101890","pigr",0.799939894793289,1.74102859077543,0.000423516797396593,0.00743823851417177,70.4931384029691,53.2493528008904,43.3052988818584,41.0883217541598,94.318670888837,79.5368285615534,60.9751258570092,83.1618980022378
"LL0000020684","LL0000020684","ENSDARG00000022399","ntmt1",0.798502863006103,1.73929525994392,1.44163161786399e-12,1.72284589212199e-10,448.167175049018,401.13386095197,493.451968820784,450.647300555684,845.963978157235,700.505778198968,565.912025333022,615.15192722923
"LL0000030827","LL0000030827","ENSDARG00000099801","topaz1",0.798267874997339,1.73901198438386,0.00027818093605517,0.00523598504632704,39.0138625826693,23.7744562816536,36.637280903227,40.0098450831742,51.1005403841986,52.027852426858,50.2910554230632,47.8372487648436
"LL0000011724","LL0000011724","ENSDARG00000095603","grid2ipb",0.795232245246933,1.73535670978261,0.000186034110148721,0.0037136385952405,62.1335597258026,58.4365678333012,47.3193790176331,55.8938653689251,79.2483969197795,81.2629234367561,57.1937493046601,109.773897165641
"LL0000031266","LL0000031266","ENSDARG00000026655","tspo",0.795208160350349,1.73532773932328,2.23197043733893e-10,1.91132016208938e-08,353.193472691857,311.344694613114,452.619498807569,348.456591002861,679.460540227325,587.441287166344,446.010317123648,517.272317686962
"LL0000000166","LL0000000166","ENSDARG00000040133","ackr4b",0.792275431027981,1.73180372547364,4.22398142068071e-08,2.37116151191406e-06,80.2267721903941,70.4931384029691,90.7211195867022,72.511198127763,122.262811073353,131.225976888817,97.6591439300087,126.015260104486
"LL0000007211","LL0000007211","ENSDARG00000117461","CR932999.1",0.792083543810231,1.73157340035957,3.93008877141132e-05,0.000988551515196249,86.185260264823,105.59590327772,102.693120421246,74.1864031260279,119.361783014977,143.923490906062,132.137282876284,132.937196567565
"LL0000026233","LL0000026233","ENSDARG00000009040","si:ch73-141c7.1",0.788473335150849,1.7272457178412,6.75887985426868e-06,0.000209767720007845,127.863002877434,134.14527688542,106.642904496987,112.593207171409,241.594285855892,183.292195267401,137.295123910241,163.007268166577
"LL0000008505","LL0000008505","ENSDARG00000092283","cxl34b.11",0.785746285561276,1.72398388107316,0.000180142786379532,0.00361212481950726,115.847932722159,77.5232379650584,190.039142254345,128.167160450508,207.563129742076,176.511743543692,155.093395995493,196.422221068666
"LL0000028086","LL0000028086","ENSDARG00000089158","si:dkeyp-104f11.6",0.784353497864645,1.72232033832616,0.00293293729716208,0.0348954650368987,59.2172910354464,81.2268292882887,64.8174813011748,35.8533740039214,77.0568363136029,93.8635719262868,82.3885819724888,92.4114936139379
"LL0000023215","LL0000023215","ENSDARG00000089933","rasal3",0.783271332206156,1.72102891012181,0.0011745625167374,0.0169292183454653,17.1155200702077,21.3412940499532,17.6107548710621,18.6023559674502,33.5273702820421,25.1774993499177,23.0495463498945,29.7308853888726
"LL0000030299","LL0000030299","ENSDARG00000035018","thy1",0.781947212270438,1.71945005723185,1.38028996204366e-07,6.59229427875524e-06,437.689893071426,409.524055515158,681.010855654984,455.179310900719,884.346211978915,666.770645988483,593.977493663518,717.291860866826
"LL0000002602","LL0000002602","ENSDARG00000117155","BX323087.1",0.781131147034517,1.71847771963173,0.00149671238773792,0.0206013080900756,47.1593354444185,36.2446307369104,45.7313443927569,54.7890151544155,48.9535683353952,69.0269388159691,60.4259984398025,87.1874144539488
"LL0000005537","LL0000005537","ENSDARG00000094451","cfp",0.779902113125895,1.71701436947966,1.49602315869925e-13,1.99141419377545e-11,492.891787111057,565.204647406432,575.507086189301,600.153803677448,927.701459617188,839.149844565137,686.858574982247,797.698396025265
"LL0000028012","LL0000028012","ENSDARG00000058944","si:dkey-8e10.3",0.779536203249881,1.7165789393785,1.50549444189969e-05,0.000431569723328792,80.9910326110666,75.5297832745283,73.1701510284111,66.5295184017902,142.944419539354,99.5960117201839,75.5324980497531,115.247731749473
"LL0000031023","LL0000031023","ENSDARG00000102471","trak2",0.778973566934461,1.71590962166495,3.16479985968348e-13,4.151136752538e-11,366.867007239672,329.712466197107,376.942476182543,332.315405442594,621.380683955969,559.202037532223,410.081177777552,523.533555088706
"LL0000000038","LL0000000038","ENSDARG00000021787","abcb5",0.776423900857726,1.71287978323523,9.40253537022792e-10,7.3925372388906e-08,1140.58989048246,1030.89361414775,1654.07281286455,1398.72086988507,2298.31035271555,1932.03595692227,1720.79438785868,1820.12783187368
"LL0000022855","LL0000022855","ENSDARG00000017947","ptk6a",0.776355742659417,1.71279886243152,5.84316182695976e-06,0.000185937015816711,76.5164426668109,49.7963527832242,64.5727678605611,64.6187102027217,106.498705601781,95.6744975296872,84.1809518865713,91.2430620555054
"LL0000026722","LL0000026722","ENSDARG00000086703","si:dkey-126g1.7",0.775960488680551,1.71232967260457,0.00223795585647934,0.028425316497342,22.3206517621473,21.3921066548341,26.6215911134222,14.7154426416198,28.6461796086272,34.573742107307,24.0517005390204,39.0499801538674
"LL0000022408","LL0000022408","ENSDARG00000102167","ppox",0.773920640075698,1.70991029426714,6.82545590846801e-08,3.57061641873145e-06,112.772323888827,108.733892210731,114.836487030701,111.53478085006,192.877059241457,144.956571513535,128.908796671579,182.392062420904
"LL0000004346","LL0000004346","ENSDARG00000117808","CABZ01068366.1",0.771003276020756,1.70645607117969,2.82596908188601e-06,9.643081553659e-05,243.657767708764,225.875532687075,184.536529999899,258.655780072768,410.413409622553,344.622905321273,229.357258364994,344.503590639242
"LL0000002068","LL0000002068","ENSDARG00000052215","btr02",0.770520035196897,1.70588457746682,1.23745189193212e-06,4.71969417335641e-05,95.5276971759811,75.3348958373213,102.215050684305,91.7072187126446,129.583553654156,151.325282558003,130.200773944373,127.863002877434
"LL0000000955","LL0000000955","ENSDARG00000104491","ampd2a",0.770428544680496,1.70577639984935,9.94181329245387e-11,9.06187856341668e-09,235.66139391523,213.458842283806,268.603171444297,209.413422035483,389.224553387242,359.063724315544,243.788770310268,340.204198450133
"LL0000007355","LL0000007355","ENSDARG00000019498","cry5",0.770357372238071,1.70569225089576,1.51761528703675e-06,5.61892227962243e-05,77.5258466588463,69.8011180275,69.8063565852994,60.9723468646995,108.559433140572,102.623336036827,75.5929240481929,115.107430162995
"LL0000025417","LL0000025417","ENSDARG00000095200","si:ch211-197e7.1",0.770278262560407,1.70559872242245,0.000606087040047546,0.00998595246313632,59.1170756165338,39.5420775672005,52.5043748036078,61.686502325341,63.6041763426527,72.1379782990384,77.6355841854464,86.3386807707378
"LL0000008240","LL0000008240","ENSDARG00000079876","CU855878.1",0.769061477249622,1.70416080763591,6.74537632951486e-08,3.54250828367822e-06,174.22829550143,155.333899314506,138.402397499924,160.080452421354,245.933007623271,228.939813323808,190.918916508041,234.691591974295
"LL0000013491","LL0000013491","ENSDARG00000103763","l3hypdh",0.76847662375757,1.70347009866714,3.10286036395069e-06,0.000104815090862148,104.686153955758,108.676921704577,162.706355780499,142.001096333536,246.529930524959,176.334906444348,153.032885333622,197.152906937663
"LL0000029522","LL0000029522","ENSDARG00000028731","stat4",0.76748679299377,1.70230175139904,1.11759379920253e-05,0.000329506355995141,58.1249429692992,42.0333207221991,52.3533555088706,53.8613611736915,75.3348958373213,72.4512811363849,62.1242449343722,83.5892978417268
"LL0000019916","LL0000019916","ENSDARG00000067701","myoz3a",0.767345194714584,1.7021346813231,1.64175037739947e-06,6.03074124288173e-05,92.4789408831307,94.9024012496125,103.781564871038,88.7489213348174,173.221195527434,132.284352964612,134.301585722148,124.137860273918
"LL0000030370","LL0000030370","ENSDARG00000070392","tlr19",0.767073202068721,1.70181380652746,0.00328454626235548,0.038166899310048,14.7914868891362,12.0851996879605,15.0323128368877,14.3528412222143,24.1630871579403,22.3575461475701,13.6972537886039,21.5395700675739
"LL0000022595","LL0000022595","ENSDARG00000043243","prkchb",0.764985760622629,1.69935322560491,0.000142230594875684,0.0029715916593724,73.3781452960922,63.6396388360138,54.2354519268328,54.3833985958222,89.1917228322005,116.873135666602,72.4892614738209,90.446436687897
"LL0000024370","LL0000024370","ENSDARG00000059729","sec14l8",0.76414997566581,1.69836903802698,8.37577304879838e-07,3.30228975819853e-05,99.7028974256741,93.2003395887039,86.117047333286,83.5640097545435,137.194033178271,128.167160450508,112.593207171409,139.039976757881
"LL0000003099","LL0000003099","ENSDARG00000096270","BX548046.2",0.759830545033938,1.69329172368534,2.85919788720203e-06,9.73307221848405e-05,57.4113648888573,54.3669461053656,67.0726384427102,70.4430194842485,93.0117798372509,95.6516152164143,69.4898982057728,99.213264723459
"LL0000010493","LL0000010493","ENSDARG00000087492","FO704810.1",0.758681981599277,1.69194419081334,3.54030319627622e-05,0.000902324290470818,52.1120178345441,54.3357560555257,61.4145131930982,68.088890540327,83.1618980022378,78.3257093366323,83.8184257051053,85.6034977897202
"LL0000008569","LL0000008569","ENSDARG00000103590","cyp2aa6",0.756704527059623,1.68962668730509,2.85958088906333e-06,9.73307221848405e-05,148.260777060578,180.988633575471,214.401513464159,162.629581811343,356.996169314248,263.840775858743,187.722087471779,236.414600391303
"LL0000023101","LL0000023101","ENSDARG00000060315","rabgap1l2",0.753881101082587,1.68632323737212,4.44173048218677e-05,0.00109874600676651,203.138631792626,200.508227959748,139.028134072522,176.472299578655,272.23926497079,247.161287664108,224.365664391543,320.624030679903
"LL0000008818","LL0000008818","ENSDARG00000104789","dele1",0.752230697220824,1.68439523248709,2.03520182055853e-07,9.43884636417376e-06,237.528602775979,202.239952188736,239.363367732748,194.606662504736,404.823976547457,276.394125360909,291.813766106506,309.579486258127
"LL0000038653","LL0000038653","ENSDARG00000059026","zgc:123217",0.750300705359326,1.68214340828829,2.80024863691686e-08,1.61724931265075e-06,193.087898547196,189.804802499225,221.642175995335,205.108618196022,321.637518695329,330.71088241153,276.179421203737,255.726005754868
"LL0000025745","LL0000025745","ENSDARG00000071590","si:ch211-236g6.1",0.738874514548634,1.66887339757847,0.000205097067596296,0.00405079060112347,108.275502444227,89.4687736967553,69.6409632018724,77.4164111099718,148.654426944363,114.774664000216,105.690218152149,134.037412074195
"LL0000025817","LL0000025817","ENSDARG00000097693","si:ch211-248a14.8",0.737395164368542,1.66716299951356,3.40878680190819e-08,1.94604815958619e-06,162.410294922017,125.321134938612,155.803661898902,137.972696437549,225.484692553316,225.565151836543,190.28431136878,206.492263714762
"LL0000039538","LL0000039538","ENSDARG00000071833","znf1162",0.735745227530033,1.66525743995683,0.00128803246282126,0.0181937905105605,54.2354519268328,72.7025471228223,59.5780665435317,79.2789436938453,85.4668528682313,83.3326720045793,81.6747675909036,122.648270107499
"LL0000020547","LL0000020547","ENSDARG00000010423","npsn",0.735699020733649,1.66520410576141,3.27165312419255e-07,1.43043058303111e-05,480.724041053581,416.133831147699,513.620986738321,366.78843322006,866.296488055079,647.36937677315,496.947275734625,577.241409662592
"LL0000028843","LL0000028843","ENSDARG00000001354","slc6a22.2",0.735430758344692,1.66489449763949,0.00124856250344548,0.0177538853279457,61.5121766666329,42.2854025263955,85.3651761998129,45.0052624482699,93.0117798372509,92.693317838587,72.511198127763,67.1443306714318
"LL0000009894","LL0000009894","ENSDARG00000026811","extl3",0.735427317029863,1.66489052630866,1.46311785618796e-09,1.10821904324051e-07,454.269532725133,387.250987748846,532.42354325284,432.148929434848,853.091874130642,616.903751048181,522.353578175046,621.268296840247
"LL0000008889","LL0000008889","ENSDARG00000098746","dhrs13l1",0.734906341999904,1.66428942227924,5.40758198844043e-10,4.39288435308685e-08,246.529930524959,203.369508089333,242.194676946422,206.471938672809,350.258346880013,329.947050580564,249.345024985799,321.26489170495
"LL0000008624","LL0000008624","ENSDARG00000035422","cyr61l1",0.733084215140742,1.66218874810931,0.0024496143702697,0.0305004392381349,51.260147222194,35.2378354386629,45.7313443927569,36.1998850127388,87.1373516370035,45.3605597933511,48.340798751842,56.1206345910475
"LL0000021399","LL0000021399","","pcdh2ab7",0.732529205911431,1.66154942195751,0.00153590187215752,0.0210099908626056,431.604030585845,412.850121058311,460.143978119096,457.904292095383,394.036751697006,697.699073732543,587.119324356166,813.450551247065
"LL0000012352","LL0000012352","ENSDARG00000001169","hsd17b8",0.731329592121544,1.66016840304275,0.000388928875199931,0.00691660616749402,39.3586689416578,32.896266841439,43.0233108891394,42.6015745797398,77.5976108649573,46.3830593902629,48.2922996787513,55.6108503817317
"LL0000004934","LL0000004934","ENSDARG00000058325","casp8",0.731116188482465,1.65992284887715,7.35048883538137e-06,0.000225882622050937,87.1874144539488,115.847932722159,104.706711017741,106.706470249766,137.950913156653,160.567704140096,129.178985498456,145.022396255526
"LL0000024067","LL0000024067","ENSDARG00000030440","rsrp1",0.729141683997191,1.6576525955017,3.10393033871806e-07,1.36375135421226e-05,1869.04723904539,1821.32508561564,1554.96235985092,1847.97232474806,2499.44477855418,2893.52968716335,2454.24881574462,2312.87913973283
"LL0000025596","LL0000025596","ENSDARG00000104850","si:ch211-215p11.1",0.72180083694411,1.64923940514116,0.000763696121778058,0.0120369431526906,63.0279550941952,46.1988802784196,75.9171937745309,57.6769378763719,88.9571407031292,112.992884823939,53.0952604927486,95.9777957819353
"LL0000025738","LL0000025738","ENSDARG00000097685","si:ch211-235i11.3",0.718187921282007,1.64511441131283,0.000669038488124317,0.0108306898899306,59.4519163030682,93.1970315936554,70.6218057076985,86.6193967760635,96.7832320205333,118.373044330407,99.7453588391546,115.266072002522
"LL0000005522","LL0000005522","ENSDARG00000090730","cfbl",0.716670489829487,1.6433849841599,0.000858233728709141,0.0132779325266169,44.3123988558552,55.1184804019217,44.0837266110869,38.2582213334055,61.9913779546261,72.3997700254776,46.0163542352715,71.9852361937963
"LL0000038581","LL0000038581","ENSDARG00000052923","zgc:113162",0.716351056946294,1.64302115599294,1.98288171763439e-08,1.21176605694252e-06,172.234094666572,158.066861824859,176.827864985327,181.977800334309,291.763267278955,236.66379022618,181.277995319407,251.540701470588
"LL0000025829","LL0000025829","ENSDARG00000061496","si:ch211-250e5.2",0.71621252514018,1.64286339586055,3.96209086379278e-07,1.69914930201793e-05,222.428030826544,162.969954927325,195.902916857595,213.148836456089,300.574909579327,300.691206473621,247.74659360319,249.536393092336
"LL0000002589","LL0000002589","ENSDARG00000105651","BX323060.3",0.716021312838713,1.64264566802103,0.000436238438342479,0.00761821974915391,41.7155078094215,29.5796458625119,50.2841537900803,43.4202945098743,51.8026660125152,64.9149054607892,47.5552607721245,63.8572649310991
"LL0000007296","LL0000007296","ENSDARG00000105154","creg1",0.713021685880116,1.63923385524446,1.755516880346e-05,0.000493250714687811,137.950913156653,123.362992205196,173.553446165865,124.880396775592,232.499771877197,164.032471111021,178.20276778981,225.607965670934
"LL0000004089","LL0000004089","ENSDARG00000115425","CABZ01038524.1",0.712445977548103,1.63857984847882,0.00423871670938856,0.046672749221437,60.4479897067806,84.7350998992905,129.576020840193,107.188733227181,107.218557963719,170.028688609864,121.220570716663,137.233666143258
"LL0000039354","LL0000039354","","zmp:0000001031",0.712268610007645,1.63837841088826,0.000969050722485539,0.0145908608552663,40.7069809489469,33.4017991235645,44.0837266110869,48.4872615636002,61.4832519058176,56.7849007064692,60.5555640308839,48.1117763547304
"LL0000026760","LL0000026760","ENSDARG00000094653","si:dkey-149m13.5",0.710691760648665,1.63658866008643,2.09336277625574e-06,7.44555974745244e-05,126.467212902115,96.6111005055042,147.276579633935,140.668096007145,226.77057297727,176.492501793113,132.110012791084,175.821636033405
"LL0000023995","LL0000023995","ENSDARG00000028469","rps6ka2",0.709413848767817,1.6351396427691,0.000207758697961777,0.00408962198352432,50.3549986998354,34.0732424302788,45.1499376733085,42.486761586045,65.3551723977377,54.9259876923015,46.9954256019794,69.0269388159691
"LL0000025169","LL0000025169","ENSDARG00000077169","si:ch211-153b23.4",0.709063714219318,1.63474285107281,5.69414443354357e-10,4.59789338359018e-08,299.359259777613,256.732801053116,309.95688977313,237.745190759339,413.168116750736,395.425749502909,311.193891964983,401.863829839465
"LL0000019902","LL0000019902","","myocd",0.706056822407831,1.63133923781592,0.00387648167893254,0.043322824548968,153.714204573141,126.486934884634,111.788097113635,94.2024937778297,127.125165111041,192.297901965275,166.665344009159,195.675054122912
"LL0000011854","LL0000011854","ENSDARG00000018650","gtpbp3",0.704457253909683,1.62953151496025,0.00200866320980744,0.0259792905476249,22.3575461475701,23.4810064947495,35.2465692014846,30.5690729042149,44.3123988558552,38.0818591867822,28.7056824444287,48.3261743158806
"LL0000000247","LL0000000247","ENSDARG00000044422","acvr2ba",0.699876003373236,1.62436517591708,0.000202478859779296,0.00401212532100625,291.664352016027,346.344845797555,398.482046250117,492.063463845265,520.670686556298,666.432535768689,492.097413333063,477.220971369321
"LL0000000421","LL0000000421","ENSDARG00000053646","adrb3a",0.699076612760981,1.62346537203954,2.37815523650463e-05,0.000641386320505245,89.7350204607598,93.6602975816938,138.297278099367,94.318670888837,156.053271228364,168.697848204392,117.405032473747,129.237420405443
"LL0000038861","LL0000038861","ENSDARG00000097795","zgc:162952",0.695140754620558,1.61904238510387,6.08100641741121e-06,0.000191466254751487,115.852739128318,92.9456507083834,127.279277672028,141.998274135708,199.405794851348,170.366212151394,123.024353333266,185.250334877542
"LL0000026801","LL0000026801","ENSDARG00000114577","si:dkey-159n16.2",0.694166877964811,1.61794983576057,1.44282879415397e-05,0.000415822330610998,100.749747697537,80.8097019134958,95.2747987601944,102.469034297166,126.685052378484,128.647353037313,112.053319743486,150.512641204006
"LL0000009820","LL0000009820","ENSDARG00000014239","esyt1b",0.693342453862621,1.61702552691122,6.81138627349496e-06,0.000210761065026474,143.970472387593,117.830696957615,122.262811073353,117.898338611046,178.20276778981,197.152906937663,154.583292757101,157.630490039973
"LL0000013593","LL0000013593","ENSDARG00000033227","lect2l",0.688279708793958,1.61136096144958,2.06983266059573e-06,7.39119925773685e-05,288.926911539916,184.155853793766,264.164042694855,272.579759047531,418.685701697154,339.447300139722,255.469091715093,356.790385748485
"LL0000030217","LL0000030217","ENSDARG00000101322","tfr1a",0.687799438192841,1.61082463154149,1.09265574427203e-10,9.92581767153064e-09,1364.83350250731,1224.81827975159,1677.35461322805,1295.13056655977,2339.02787741973,2177.5310539988,1563.55309817839,1785.55493551275
"LL0000026080","LL0000026080","ENSDARG00000099891","si:ch211-57n23.1",0.687281017938817,1.61024589932936,2.1772326358766e-06,7.68288823439446e-05,117.186152974257,98.2111105343331,123.024353333266,112.761073403721,166.665344009159,180.999425063694,124.342063571904,137.067778505996
"LL0000028568","LL0000028568","ENSDARG00000056028","slc22a7a",0.684424023916271,1.60706025676727,1.17349552271195e-09,9.0412954470492e-08,366.78843322006,301.409665666501,351.371559088382,325.200671237383,526.365895590634,463.100756452839,366.828874850578,451.180788350525
"LL0000038534","LL0000038534","ENSDARG00000103253","zgc:112023",0.681185575211776,1.60345689969398,1.20703027968893e-05,0.000353164713716602,135.994162615424,137.069991339107,170.595148788038,140.993996359539,177.381291475275,222.469038944322,183.236744281047,233.737982451869
"LL0000023872","LL0000023872","ENSDARG00000044339","rp2",0.681040606641279,1.60329578513439,1.01848829345382e-07,5.07150587457033e-06,294.633331602999,248.099112555419,368.487079158589,319.103158651682,484.295758954208,401.419260350241,355.981784465212,396.797389754703
"LL0000028345","LL0000028345","ENSDARG00000095295","si:rp71-36a1.1",0.680883725485513,1.60312144945468,3.23357432442073e-06,0.000108684475011686,73.8086304151626,70.2973241296275,86.0765927035134,93.4689485866345,128.275736208109,111.747120944383,95.6455533335136,118.901495421168
"LL0000004571","LL0000004571","ENSDARG00000098070","CABZ01085140.1",0.680702255084191,1.60291981238753,7.17438974982421e-05,0.00165874605316443,63.6240947321873,50.3397649123756,58.9426216617756,48.9187635307281,76.0934266205383,76.5410141556503,60.3655724413627,87.1773929120575
"LL0000012671","LL0000012671","ENSDARG00000032571","il20ra",0.680132505399938,1.6022869116554,4.90652064928699e-05,0.00120156132731036,82.241994803464,86.7767230829325,110.780997139638,81.1744893191937,168.133282888796,124.842616982691,103.657713956916,106.642904496987
"LL0000005253","LL0000005253","ENSDARG00000098787","cd7al",0.679636195817097,1.60173579478312,0.000548700642588521,0.00918699194772741,27.1182923577455,30.909868774983,36.6775527151569,31.1786143548841,45.0052624482699,42.0706966274386,37.4717667858118,43.7887068693769
"LL0000022837","LL0000022837","ENSDARG00000024877","ptgr1",0.679464299653837,1.60154496038798,0.00299557923899243,0.0353809823498534,570.852934106339,420.728368413364,1062.50576013471,815.556657754017,1200.08263627192,1008.1070739707,748.609179277009,997.522464943896
"LL0000008623","LL0000008623","ENSDARG00000023062","cyr61",0.67824626052564,1.60019337802572,0.00163136448323585,0.0220430952712204,250.538547281462,233.746271333205,320.160904842709,404.468334851495,535.171273026166,421.000687684399,358.940081843039,291.051892485049
"LL0000004458","LL0000004458","ENSDARG00000079145","CABZ01077217.1",0.677777097523031,1.59967308132397,2.45754390338112e-06,8.58193480753442e-05,189.022890156729,137.510644284877,168.654833629104,154.571037991474,237.675593863223,233.501926066323,220.418633055434,208.406626737235
"LL0000038298","LL0000038298","ENSDARG00000103949","zbtb12.1",0.677123763894976,1.5989488231964,1.22588443892511e-05,0.00035829137693758,219.471767418561,151.730035777694,212.433807930225,153.45406674014,277.858576854536,270.223697211382,183.414437425289,255.803393395164
"LL0000009913","LL0000009913","ENSDARG00000068856","f2rl1.1",0.675776529445618,1.59745637096059,9.89141522023195e-05,0.00218333526483938,70.0130379419115,60.4259984398025,77.1658725626903,65.6129884444084,93.6319627370186,116.868991225934,78.270021649165,81.2629234367561
"LL0000027236","LL0000027236","ENSDARG00000091667","si:dkey-234i14.3",0.673599771586911,1.59504792451182,0.00338365091312798,0.0389648776886931,38.4578659117542,52.3691986478288,77.1658725626903,60.486973722189,105.713506315989,67.0726384427102,55.76739042503,81.2629234367561
"LL0000005948","LL0000005948","ENSDARG00000058969","cntnap2a",0.668060785321408,1.58893574568838,0.000451672474123704,0.00785577047652799,341.452969444482,285.888839078708,316.537819427515,305.151292121002,312.672107007265,498.248630999726,415.806458176222,493.898519441775
"LL0000031063","LL0000031063","ENSDARG00000110963","trib1",0.667373465498554,1.58817893506785,1.370501283578e-07,6.55719021603717e-06,234.504080255448,266.552765555409,312.106542456729,295.729360406495,373.739353374763,379.879690282667,333.301504568536,373.634090352779
"LL0000022556","LL0000022556","ENSDARG00000028163","prg4b",0.666150571500805,1.58683329269244,0.00398051754359077,0.0443019063533664,37.3907354945749,43.1911417162778,36.4670900584208,38.8735609961917,49.3225136571951,58.5048747811629,58.8409964520139,46.560879128547
"LL0000024845","LL0000024845","ENSDARG00000100353","si:ch1073-398f15.1",0.666063824744742,1.58673788202121,8.73303722652888e-09,5.69957859184794e-07,270.031574689619,241.830627576852,305.690729042149,292.058992459045,385.829362813452,417.25759838866,307.072565965491,432.923393584766
"LL0000030266","LL0000030266","ENSDARG00000020072","thbs4b",0.664181595444279,1.58466907534934,4.15504194133469e-10,3.44830008520211e-08,1455.27300378729,1312.00123789413,1394.19762619206,1277.98446722137,2418.0470375661,1804.87969461565,1436.30932516588,1929.01979144223
"LL0000024839","LL0000024839","ENSDARG00000088549","si:ch1073-390k14.1",0.663865812829891,1.58432225487277,0.000439335473168511,0.00765605414000525,52.3691986478288,46.099092699789,52.2853501666379,61.4145131930982,82.3164199069625,86.0970238140815,52.8698538022268,62.1242449343722
"LL0000004088","LL0000004088","ENSDARG00000087306","CABZ01038521.1",0.661991332935744,1.58226509680384,3.99190476188272e-06,0.000131865266759539,106.539089986608,114.472625410742,115.486888373175,120.995669716903,158.560607838345,153.515911926715,122.27200784294,179.004781261659
"LL0000030553","LL0000030553","ENSDARG00000100677","tmem205",0.661046830451649,1.58122955971177,7.35998312223198e-06,0.00022591619426221,201.432992014296,198.889371222113,191.291106667027,154.470318837757,300.361208078671,257.495769444179,180.456140047462,255.803393395164
"LL0000010576","LL0000010576","ENSDARG00000053650","foxb1b",0.659219367019096,1.5792278824793,0.00294944187271002,0.0350143675564237,97.6886974776807,95.2046479669556,72.3075636716269,85.5776003510385,97.5602013712148,114.469906661904,103.781564871038,147.914868891362
"LL0000024377","LL0000024377","ENSDARG00000019360","sec23b",0.658409630026748,1.57834176281848,3.72307266332625e-09,2.57351416051875e-07,1984.03144139614,1707.03445592442,2187.70259486173,1966.33924744336,3216.7109779008,2804.85578942242,2291.3548837793,2162.76864905776
"LL0000030680","LL0000030680","ENSDARG00000098686","tmprss2",0.657592713989317,1.57744829075281,7.97268140027686e-05,0.00182138853162315,78.2514115164952,65.5511431311757,104.760636237746,75.929632697566,134.951396515559,122.262811073353,87.1422502777299,102.693120421246
"LL0000009456","LL0000009456","ENSDARG00000037421","egr1",0.656607855158547,1.57637180980291,7.81822609401348e-07,3.10523310844798e-05,339.496218903253,267.286483111258,382.606460865657,378.669590222762,561.206345910475,443.9128749442,422.854025263955,450.199679244252
"LL0000011367","LL0000011367","ENSDARG00000101210","glg1b",0.655816321106963,1.57550717125952,1.32803406672269e-11,1.35263287954948e-09,535.615098667676,537.597359639298,612.404216888479,580.589320457787,799.726391139299,827.836178625294,650.398068742675,804.784311388447
"LL0000031679","LL0000031679","ENSDARG00000006818","urod",0.653734634607987,1.57323548744612,4.60327985427073e-07,1.94008764892611e-05,389.670403949746,379.64816348783,483.40798751842,447.962922539254,534.130734055262,660.457715650368,512.191057198878,590.938663451195
"LL0000003986","LL0000003986","ENSDARG00000102600","CABZ01003344.1",0.653700537696771,1.57319830575815,0.00135792736195993,0.0189975592277527,36.6272129502445,46.7069464064691,44.3301835115458,49.9424304157702,73.3756359613751,58.9556324777673,56.371173138329,52.6954313444155
"LL0000019417","LL0000019417","ENSDARG00000045887","mmp30",0.653260247726265,1.57271826130575,2.77380895393239e-06,9.48917925728855e-05,80.860128327278,70.4969981797695,90.1938770213263,83.0414384999544,126.856207579187,110.771478640233,87.075399084696,108.676921704577
"LL0000007101","LL0000007101","ENSDARG00000101125","CR854945.1",0.651121672539058,1.5703886735965,0.00257095443537714,0.0315560001584291,27.4139982678213,24.6524781485604,23.1632994019243,25.0538547281462,35.8821030555358,36.2446307369104,30.4875629285046,34.2431344715097
"LL0000011052","LL0000011052","ENSDARG00000018967","gabbr1a",0.650370020283775,1.56957070533974,0.00176839025884858,0.0235397255792967,91.9672754377688,74.4094238698007,69.0269388159691,103.731297321661,116.249885938598,124.04955627771,78.5300332633059,152.437814642523
"LL0000013036","LL0000013036","ENSDARG00000058603","jph1a",0.648427939073653,1.56745925217625,4.15519470481866e-07,1.77130905213045e-05,464.636030141227,477.638485879906,481.380200647777,499.561374149041,585.338580168158,699.833771930312,555.744605579739,760.874869277915
"LL0000038696","LL0000038696","ENSDARG00000102586","zgc:152938",0.648039677932493,1.5670374709845,8.88309928123875e-05,0.00199880884161698,99.5960117201839,102.724197347664,135.29081553199,134.301585722148,210.42021733373,169.714100302009,116.426657203133,134.132777238983
"LL0000023770","LL0000023770","ENSDARG00000104631","RNF14 (1 of many)",0.645965821573749,1.56478649217817,2.50229278620296e-05,0.000669494037096632,243.924329633231,221.700136735989,233.72752848816,220.374267368208,316.974020173706,312.852464517844,303.10714933218,256.89106136708
"LL0000009751","LL0000009751","ENSDARG00000098618","erap2",0.645504528126631,1.56428624067179,0.00184740679823116,0.0243504516655087,35.2465692014846,28.59687465233,37.2626990378782,32.0689340520271,41.0081177777552,52.3533555088706,40.6500839046728,45.9836377188844
"LL0000005712","LL0000005712","ENSDARG00000060316","cish",0.642422291008127,1.56094779823532,2.39841999944142e-05,0.000643675366486654,271.988325230848,181.128202840962,291.885341278955,259.831793291151,429.924147134989,311.66169511094,274.855116421571,356.704486263504
"LL0000030060","LL0000030060","ENSDARG00000002249","tbxas1",0.642218504260166,1.56072732335943,2.63513778318905e-05,0.000700431321345153,122.276291616859,104.738397295658,124.267119451605,90.2178591110615,169.141610105582,147.356554154439,113.491531391289,156.651418673265
"LL0000004952","LL0000004952","ENSDARG00000063009","catip",0.642201026387464,1.56070841567106,0.00178593509324736,0.0237145722085572,39.265016631653,32.5200671237383,35.2215097421242,27.4139982678213,56.2076501787177,42.2981989078617,36.0775508085305,47.1593354444185
"LL0000026174","LL0000026174","ENSDARG00000105641","si:ch211-98n17.5",0.639363043833759,1.55764130204323,4.37515381443366e-05,0.0010872027747156,539.805586062235,534.148182804077,495.173022166395,513.465602106231,592.474972910606,720.084199172318,647.166173393925,735.629947953042
"LL0000026833","LL0000026833","ENSDARG00000105545","si:dkey-165a24.10",0.637782198182371,1.55593543780392,0.000291701530154525,0.00543559420951145,45.9803520583081,47.0274083811413,64.9893216425957,49.1535735956756,81.625179842438,64.0175552561816,56.1558945500564,70.2610301996132
"LL0000026497","LL0000026497","ENSDARG00000098662","si:ch73-359m17.9",0.635776470468051,1.55377377897161,0.000217357641509833,0.00424439333519093,72.1551016170611,68.68859727774,68.4620802808308,73.1701510284111,87.075399084696,86.1582802702956,82.8323265791629,109.773897165641
"LL0000023191","LL0000023191","ENSDARG00000079291","rapgef3",0.635642810927829,1.55362983512822,0.000499130782812898,0.00851594392072083,85.5776003510385,77.2351594188784,73.3781452960922,86.1582802702956,117.345795987147,93.6602975816938,111.239114992969,107.646309166608
"LL0000039533","LL0000039533","ENSDARG00000095617","znf1157",0.634945630500354,1.55287922699125,3.59695183432844e-05,0.000914162928858766,203.523288530999,146.488715895013,175.181536587188,207.640583682529,242.202674696201,272.074609838772,181.147072322788,268.857925858683
"LL0000007303","LL0000007303","ENSDARG00000105570","crestin",0.633571797013137,1.55140117240478,5.71237124990439e-08,3.07199901077358e-06,492.465603984135,472.271526878355,489.888149045967,488.345870140462,637.393573542516,673.698153639852,606.981655287444,700.236197884127
"LL0000000950","LL0000000950","ENSDARG00000070478","amn1",0.632078280593359,1.54979595152281,0.000242763641715946,0.00463284000149047,59.4009225966032,58.9426216617756,54.7890151544155,57.7652106357664,76.9157318235084,85.6034977897202,57.1227887801734,91.2430620555054
"LL0000004097","LL0000004097","ENSDARG00000089903","CABZ01039863.1",0.631809554000829,1.54950730244014,6.06414642082674e-06,0.000191466254751487,160.080452421354,141.259041568738,132.080661532966,144.90256227277,235.677691100237,199.123806858629,155.333899314506,187.61213883323
"LL0000001836","LL0000001836","ENSDARG00000077130","bcl10",0.628620960097326,1.54608641758034,9.71176395686215e-06,0.000289833097709286,111.747120944383,80.543623859801,122.966503811635,101.751028143914,146.860705006186,140.045797866342,117.830696957615,137.295123910241
"LL0000029010","LL0000029010","ENSDARG00000045302","smpx",0.628414763361514,1.54586545945503,2.05352746297218e-06,7.34272605742805e-05,332.3144359207,212.30743372336,282.951624978584,271.177259634164,417.946489208634,379.816437678697,297.308853888725,385.602599228797
"LL0000018811","LL0000018811","ENSDARG00000053215","me1",0.62812506172962,1.54555507176242,2.22385100014613e-05,0.000607077457288622,92.3585300698382,101.1157664105,87.2388125931469,91.2594383659905,131.102286262351,123.362992205196,94.6655160904719,132.937196567565
"LL0000024618","LL0000024618","ENSDARG00000104555","sh2d3cb",0.627744672875978,1.54514761598965,0.00451486808395255,0.0490902902989892,24.6844080776054,28.5105581985342,29.1885341278955,23.3445773972437,34.0732424302788,42.9149952544209,30.2038589474254,36.5850755142055
"LL0000021546","LL0000021546","ENSDARG00000014248","pdlim3b",0.627272140896634,1.54464161015877,0.000767103501551019,0.0120835653504425,239.196925600408,187.289806990243,227.604594123256,160.414821053375,235.079035160982,312.59987215287,262.863767569567,267.859581588855
"LL0000012868","LL0000012868","ENSDARG00000062788","irg1l",0.626673300989921,1.54400058689115,0.000830337162237498,0.0129431512784951,267.577968499853,155.046475930117,293.696856211261,186.869676687381,354.423834748261,273.149457886049,267.888593083124,266.573014307476
"LL0000031553","LL0000031553","ENSDARG00000023151","ucp1",0.626643709876609,1.54396891822489,9.6339194291264e-06,0.000287829399477533,425.809628901448,301.339583349285,480.724041053581,448.675102303799,552.897885724193,573.232196179985,527.979516388599,548.703437544894
"LL0000004347","LL0000004347","ENSDARG00000109276","CABZ01068367.1",0.625776086432242,1.54304066875635,0.0046185285185762,0.0499748947026138,50.1077094562924,41.0081177777552,53.3601508071181,63.0076300522429,70.4430194842485,72.4512811363849,39.4439650376966,87.6176977377136
"LL0000002032","LL0000002032","ENSDARG00000025912","bscl2l",0.624520152890717,1.54169796417865,1.19341508086041e-05,0.000349561417312152,205.040588888776,152.026090035374,211.380436304299,146.756290592184,257.495769444179,233.705492848352,209.476794591315,223.480384175064
"LL0000039846","LL0000039846","ENSDARG00000023236","kcnh1b",0.620545975232715,1.53745690823321,0.00100960302770659,0.0150721383336451,41.0883217541598,42.0333207221991,58.3941272983557,54.8776132713083,74.3565205667067,67.5559243028454,54.2354519268328,55.3904985698189
"LL0000000280","LL0000000280","ENSDARG00000076270","adamts13",0.61982063485342,1.53668411893662,0.00108152672232552,0.0158480501561912,69.4646442136339,57.7652106357664,51.2771545490056,55.3904985698189,86.185260264823,87.1422502777299,71.4824661755734,71.1376468331774
"LL0000039482","LL0000039482","ENSDARG00000110787","znf1102",0.619522305508782,1.53636638680538,0.00374852541900769,0.0422238499095932,68.6818563745595,48.3385791536972,54.9070905823005,72.3655539967775,70.2571577827392,88.5174426219213,79.4912390755877,84.1696245309708
"LL0000009278","LL0000009278","ENSDARG00000098108","dusp2",0.619023562557276,1.53583535325194,0.000953254498870949,0.0144243445245588,73.4960567720684,65.0401342474765,71.421394754863,47.9744969686873,97.6238134682991,76.5395980237498,70.1507932388094,98.4194826666126
"LL0000022970","LL0000022970","ENSDARG00000102254","pycr1a",0.618475535918998,1.53525205683749,7.21716664266776e-06,0.000222039352236491,114.155598125297,103.492536125608,135.111848605691,112.780157034034,189.334795111381,159.723334662878,113.797526833271,163.584100059256
"LL0000000884","LL0000000884","ENSDARG00000053684","aldob",0.617451955373646,1.53416319414799,1.47117064733067e-12,1.75036759009179e-10,10277.763964038,8369.03184858967,9632.1530592407,9130.48902692601,14980.5516872026,12026.0106141804,10801.3639381602,12266.6932343179
"LL0000018500","LL0000018500","ENSDARG00000077207","lzts2b",0.617187449507676,1.53388194415722,0.00276024973922304,0.0332677522357545,46.7475964903737,39.1350108245825,57.7652106357664,57.1937493046601,67.4756982577794,87.1874144539488,55.3609589999696,58.3941272983557
"LL0000004169","LL0000004169","ENSDARG00000099376","CABZ01050249.1",0.616879609854898,1.53355468212484,0.000562603398892612,0.00937896894389041,84.3489241021961,90.9889001671543,87.1373516370035,86.7767230829325,120.851996879605,118.25419431685,80.9910326110666,151.019294737127
"LL0000023310","LL0000023310","ENSDARG00000103823","rbms1b",0.616634202706981,1.53329384164013,2.9601532084941e-05,0.000775029791851976,391.643371018282,338.432273548354,353.193472691857,407.293688550488,425.01858427244,533.762986218255,457.042439492734,546.433169388589
"LL0000013566","LL0000013566","ENSDARG00000023188","lcp1",0.616160462973844,1.53279043451231,1.41744597978208e-05,0.000409384585932979,285.176823878733,272.142677090129,245.302018569435,257.565818349658,454.517010936137,350.404114381474,290.087929284056,341.714767823656
"LL0000000376","LL0000000376","ENSDARG00000024278","adh8b",0.615681415364481,1.53228155517396,0.000223384664162455,0.00435891889308002,1484.95772755867,1473.09072620082,1025.96888517321,1109.86442723945,2091.44451599896,1836.85843479066,1387.10983586202,1584.99783803106
"LL0000002474","LL0000002474","ENSDARG00000096810","BX279523.1",0.614203618324459,1.53071279550509,0.00440845691821373,0.0481861717338463,41.9331640985401,43.8623972285141,30.8649026419976,39.3574669837913,52.3926210074994,62.6193958466323,40.1207926351634,56.1682534352817
"LL0000026558","LL0000026558","ENSDARG00000087251","si:ch73-50f9.4",0.612716610035361,1.52913587875892,9.11272666691205e-05,0.00204363725893743,84.0434861182065,84.5185560845244,74.3139070812171,89.0814858713967,118.92354155549,113.083247899161,92.3265030684881,116.896277333028
"LL0000007414","LL0000007414","ENSDARG00000062817","crym",0.612601714097733,1.52901410353981,0.00105031752622856,0.0155517554861012,46.1341324999746,45.305788421138,63.0076300522429,46.962012989499,82.241994803464,66.0686414381418,54.3833985958222,57.1227887801734
"LL0000023629","LL0000023629","ENSDARG00000019253","rhag",0.61233135329393,1.52872759340524,7.19771375387215e-13,8.83741210629535e-11,2634.1254370228,2232.65236754243,2573.97862307508,2279.86117917886,3765.54680277369,3309.11313249355,2800.85444422068,3084.82079383038
"LL0000011004","LL0000011004","ENSDARG00000067524","fut9b",0.61097700073985,1.52729314985422,8.63461343988502e-05,0.00194942166906019,102.021815570002,79.5608979457399,100.486000543649,91.981208175505,128.799322504804,123.850643136562,115.409146921694,113.533115683449
"LL0000001317","LL0000001317","ENSDARG00000013834","arhgef3",0.610820917639485,1.52712792314417,1.53448792920275e-05,0.000438478702745301,92.032708470543,80.860128327278,96.681597503684,87.1874144539488,126.099962166597,133.903774666919,100.608957664065,111.53478085006
"LL0000020590","LL0000020590","ENSDARG00000000796","nr4a1",0.609900536080785,1.5261539874928,4.12171534778909e-08,2.3185942256632e-06,484.415087492416,405.872446595969,588.466490110788,496.350082036023,753.042804334064,649.641179688069,527.71946665556,589.687277313564
"LL0000038527","LL0000038527","ENSDARG00000077085","zgc:110821",0.607529998718963,1.52364837521319,9.8695966271282e-06,0.000293241528957845,114.551349904825,96.6377143423567,113.802297061628,115.247731749473,154.805644611026,142.964932351147,132.112772690187,149.691416404028
"LL0000008528","LL0000008528","ENSDARG00000095577","cybrd1",0.606721316900934,1.52279455549613,9.39675610720357e-05,0.00209163389873011,207.190677650343,199.118015837415,175.166175087682,158.066861824859,276.339270383966,262.390463826119,170.338836379841,247.116440961169
"LL0000009589","LL0000009589","ENSDARG00000069279","elovl7a",0.606705082159478,1.52277741948603,4.79932539715567e-08,2.62829044000242e-06,456.216288220509,433.932763891492,600.768925444114,505.411239720251,738.815274967429,610.506168863487,554.154393556674,632.089539729088
"LL0000001143","LL0000001143","ENSDARG00000078805","ap5b1",0.604812641663477,1.52078124126664,1.66527823670879e-07,7.82826337532562e-06,193.087898547196,162.410294922017,198.751487441705,184.400536551232,279.973792771085,244.525622146707,192.73815355545,264.787163439096
"LL0000032063","LL0000032063","ENSDARG00000074617","wfs1b",0.604095448248525,1.52002541747677,0.000522216527796243,0.008827957827358,164.032471111021,176.189177193315,123.982755909252,131.102286262351,216.374772042447,202.150320818195,159.12179589148,192.413604312163
"LL0000039463","LL0000039463","ENSDARG00000104561","znf1081",0.60313922824937,1.51901827661544,0.00174965797863977,0.0233597583851265,48.8497078709693,33.6785945150214,45.2302887605112,44.2442350615302,69.421378466346,62.3193463909163,42.3610575743496,52.5519029321933
"LL0000013377","LL0000013377","ENSDARG00000100206","klhdc4",0.600177567105767,1.51590313259672,6.1854664306117e-06,0.000194300241650371,470.568151499741,428.89479705344,426.825880999065,406.025737305043,505.171453080277,637.0200353588,480.38668759643,590.268817395125
"LL0000023158","LL0000023158","ENSDARG00000042409","RALGDS",0.600109378730021,1.51583148576443,0.00193904172330189,0.0253224346274233,248.981763916121,246.55056819487,222.249200242694,243.566484107777,247.74659360319,366.78843322006,335.241362833149,306.065770667244
"LL0000007820","LL0000007820","ENSDARG00000109582","CU104741.1",0.599331335791041,1.51501422086188,0.00398714150615186,0.044356743052924,40.430064163639,46.3265988038486,36.0775508085305,33.8316971666481,59.4009225966032,52.8451090760747,44.0268871776553,46.0163542352715
"LL0000005408","LL0000005408","ENSDARG00000087303","cebpd",0.597437230874317,1.51302647370076,0.00015411906044256,0.0031885713375604,572.03278523013,488.049090104288,717.642061110717,673.546054527586,1049.78841683818,790.527218656566,670.663886194914,594.617772943276
"LL0000025660","LL0000025660","ENSDARG00000002405","si:ch211-225b11.1",0.593588265662621,1.50899525114192,0.000205183413244455,0.00405079060112347,239.514851201078,242.9730978332,223.508556210948,262.19304118514,262.909002719545,329.947050580564,293.85753953084,323.279091652943
"LL0000019793","LL0000019793","ENSDARG00000053953","myadml2",0.592912069418086,1.50828814547984,0.00106246682661761,0.0156626483009435,56.9101174665419,55.76739042503,67.5559243028454,61.1381458084297,77.5466979977465,97.2089563452073,71.7642061110717,70.4756708773258
"LL0000005792","LL0000005792","ENSDARG00000115545","clec19a",0.59200272136192,1.50733775285345,7.80971407220132e-07,3.10523310844798e-05,202.435146203421,211.191806555439,221.494965614453,213.412940499532,266.118073607161,288.826053178832,230.747195470525,279.973792771085
"LL0000018563","LL0000018563","ENSDARG00000102200","man2a1",0.589147720611282,1.50435777789297,0.00250212517450642,0.0308905618995882,101.217573101711,112.772323888827,124.842616982691,101.625209761682,104.686153955758,156.651418673265,121.290192490917,167.178595683454
"LL0000020213","LL0000020213","ENSDARG00000096382","neu3.1",0.588021631708843,1.5031840165746,7.65844050915071e-05,0.00175556527579329,109.696715055495,92.6251674387711,98.5764534688316,96.8591517908417,120.425778105072,137.067778505996,113.802297061628,132.284352964612
"LL0000007466","LL0000007466","ENSDARG00000028164","cst14a.1",0.587760788566082,1.50291226143015,0.000884140051042227,0.0135927054502427,82.5196703264858,72.3410675092407,84.4155332375555,54.4326717520213,109.945104161221,92.0578838131004,86.1375513921749,96.6422806787787
"LL0000013521","LL0000013521","ENSDARG00000076464","lamtor1",0.58657898380073,1.50168163295943,0.00359866709512213,0.0409325547888066,748.531425826811,818.524577475227,637.972579320911,629.095299005163,658.356959115396,1080.86325194548,861.070477767185,974.164022623563
"LL0000007659","LL0000007659","ENSDARG00000116226","CT583728.25",0.586459913792169,1.50155769972242,0.00142167489840817,0.0197455662930255,135.161528983037,112.513156120675,122.383920838488,129.29731739357,209.597646588195,138.297278099367,167.354128651019,135.917365263414
"LL0000020717","LL0000020717","ENSDARG00000030573","nudt1",0.586353029426507,1.50144645854349,0.0032675407895047,0.038035023501728,49.8971388013427,75.3884952365086,63.1103440603146,57.4046985178123,82.1766435083196,79.9658296666227,73.4960567720684,88.4139324926634
"LL0000008609","LL0000008609","ENSDARG00000012137","cyp46a1.1",0.585577651667534,1.50063972159195,0.00160522086734126,0.0217773884469925,64.7268697243326,57.1641804909462,51.6777817938612,54.6811358306364,70.9005271552597,80.2356549283177,71.2832274725216,72.5638644077379
"LL0000029642","LL0000029642","ENSDARG00000007720","sub1b",-0.58603529785738,0.666171113397579,5.86766330409499e-06,0.000186495979413487,450.647300555684,476.358287700443,654.406685499179,550.533981166364,360.432716772609,293.696856211261,255.355945630401,288.826053178832
"LL0000022926","LL0000022926","ENSDARG00000068275","ptx3a",-0.586610200770739,0.665905702201773,3.27751190393423e-06,0.00011002374230323,788.559279639422,627.348522392781,878.598923388406,739.994544211921,549.7923848107,407.004112575658,361.277334315217,374.717667858118
"LL0000024227","LL0000024227","ENSDARG00000099819","sb:cb1058",-0.586791175280039,0.665822174917096,2.2336529440871e-05,0.000608128253131692,231.562918596928,214.429192597149,269.053199419005,263.370197644426,144.956571513535,170.199895605444,115.247731749473,132.251179833261
"LL0000009504","LL0000009504","ENSDARG00000036116","eif3hb",-0.587321554497998,0.665577443126855,4.55354879814155e-05,0.00112330618012136,248.507318736099,176.232846007423,225.816699840813,206.455494669325,142.30589485587,126.099962166597,96.6523486317612,136.177781080654
"LL0000000767","LL0000000767","ENSDARG00000112275","AL935186.6",-0.587553748027261,0.665470330857515,0.00121173056020229,0.0173125520899466,350.262781439753,285.150284248768,282.421045707897,347.126168029411,238.821025908202,187.797526982108,172.275055588003,133.655845718655
"LL0000040476","LL0000040476","ENSDARG00000113671","AL935186.9",-0.587553748027261,0.665470330857515,0.00121173056020229,0.0173125520899466,360.181017948047,293.869619067856,274.365777138442,339.130740000284,229.711791388286,187.854358149606,169.885178140614,140.052974240479
"LL0000029294","LL0000029294","ENSDARG00000003084","spire2",-0.588087567681251,0.66522414201135,0.000201663957998269,0.00399892490163382,145.985318245889,141.320016694595,167.30217127509,129.237420405443,91.7368016864229,80.5679979197366,59.1571617840988,105.59590327772
"LL0000029159","LL0000029159","ENSDARG00000053405","sord",-0.589755999800603,0.664455275570901,6.92629327324116e-06,0.000213824454447969,400.440188983533,375.70376698406,523.691986478288,446.960768350128,334.216159888705,251.698824561878,195.12040274243,227.961438053193
"LL0000013040","LL0000013040","ENSDARG00000099387","jpt1a",-0.592115534132802,0.663369444114472,0.00283924169318784,0.033980392594164,116.359696861205,70.4969981797695,115.247731749473,116.873135666602,67.4552849825833,65.0401342474765,39.1350108245825,64.6187102027217
"LL0000019654","LL0000019654","ENSDARG00000018459","msrb2",-0.592950274696103,0.662985730854349,0.000117996012913479,0.00253620686749044,802.940667268095,734.819537634637,784.516049176791,885.919454739916,378.350655942742,469.776669938288,407.626572815169,509.744221173413
"LL0000020805","LL0000020805","ENSDARG00000061303","oca2",-0.592962855778727,0.662979949284681,1.12288529993333e-05,0.000330703864511579,256.732801053116,284.55058733271,295.469331725598,275.119054044921,164.678554032383,158.114695917483,120.258502695102,196.838965333225
"LL0000039529","LL0000039529","ENSDARG00000071790","znf1153",-0.59296419997505,0.662979331569385,1.31167433248856e-07,6.28691820432884e-06,389.425636108069,362.125182019833,454.665354260554,369.213646357745,254.639907340971,237.71443786922,178.016879939538,235.084010023267
"LL0000000404","LL0000000404","ENSDARG00000040712","adprh",-0.595761926357781,0.661694903886961,4.64169340389806e-05,0.00114190753831121,160.567704140096,145.942670639477,165.16439573546,165.355441205765,94.318670888837,112.761073403721,75.2026552236447,83.1618980022378
"LL0000022876","LL0000022876","ENSDARG00000075459","ptpn20",-0.597273030307593,0.66100219594364,0.00302993456601302,0.0357332940989141,121.859096853602,91.6470005955588,156.445969322136,95.6052815215837,71.1376468331774,54.1432874758099,61.681496102598,67.7154269784657
"LL0000040260","LL0000040260","ENSDARG00000099481","ttc8",-0.597349281698897,0.660967260629022,0.000350514772883769,0.00632549780407495,120.304093364975,94.6673975556905,132.284352964612,109.696715055495,81.5504191580485,68.088890540327,52.8322646131864,53.8489251689347
"LL0000001465","LL0000001465","ENSDARG00000053222","asb5b",-0.598016196344678,0.660661785900565,2.82373512292574e-05,0.000742929684152155,208.542201108784,232.71939372241,243.718193707203,219.471767418561,144.553615166587,113.767868701969,114.836487030701,143.821164780341
"LL0000026576","LL0000026576","ENSDARG00000097696","si:ch73-71c20.5",-0.600246606451887,0.659641190267869,0.000732037014711622,0.0115854875153507,278.882297614561,284.55058733271,260.247821983474,252.600412610639,122.276291616859,161.135995839473,128.275736208109,201.964980055445
"LL0000013563","LL0000013563","ENSDARG00000067851","lcn15",-0.601783889189883,0.658938675246787,0.00153610810521763,0.0210099908626056,121.999150388822,86.584395649286,168.697848204392,120.340158285591,73.4303525030928,68.0408396900267,59.4188984658058,73.1572558061869
"LL0000029003","LL0000029003","ENSDARG00000040523","smpd2a",-0.601996097766612,0.658841757914388,7.44303697325501e-05,0.00171511873888344,1012.61840508607,972.217867140949,1104.43102105551,1117.88097113635,828.781514407077,624.348593166324,521.519964492211,461.378452318037
"LL0000021288","LL0000021288","ENSDARG00000116835","park7",-0.602005017161372,0.658837684668559,0.000172576819653395,0.00349664376370399,333.249243719926,314.021898163598,434.398620152866,343.654049714474,279.066052641704,177.249595423421,162.348978638387,193.763356499894
"LL0000038328","LL0000038328","ENSDARG00000057751","zbtb47a",-0.604547662820847,0.657677553526949,0.000132959265752206,0.00280183518558861,123.470690055534,127.265953194128,143.118977304672,112.802475528005,89.1926561666177,79.9395466808525,49.6235899266293,71.7442585941658
"LL0000039465","LL0000039465","ENSDARG00000100142","znf1083",-0.604974289450931,0.657483097132348,0.00262236260596091,0.0319930617566619,95.5774801863366,121.884594441467,133.281157862377,104.617545298778,52.6732241804546,71.6514337871828,62.0085224190643,74.5116037972653
"LL0000013623","LL0000013623","ENSDARG00000025903","lgals9l1",-0.606820141651741,0.656642420108275,0.000670357483991003,0.0108389912128888,119.805216087712,83.2720391180517,97.2959758258344,99.4714137633825,62.2591482089556,52.1745047536132,43.4664348776979,63.8973510986641
"LL0000031270","LL0000031270","ENSDARG00000005772","tsr2",-0.611903292260968,0.654332895955976,6.12808786823634e-07,2.49286164431176e-05,443.954305782751,432.635642555318,542.662665755409,471.540973294205,318.950338220347,271.202768578089,209.053014699792,233.647193967236
"LL0000011206","LL0000011206","ENSDARG00000079296","gcga",-0.61247589193761,0.654073245474609,1.43356028071293e-05,0.000413594446224142,155.764825615831,158.065789974358,156.053271228364,146.340302056822,97.221150640969,80.2838520700481,69.0269388159691,90.6389976597037
"LL0000008662","LL0000008662","ENSDARG00000102105","dad1",-0.612964534391468,0.653851747634153,6.47915042670387e-06,0.000202578925376326,1834.4536324023,1483.29312056247,2549.06624056114,2276.04594123256,1436.08695301734,1145.15168894382,903.095382528018,1167.67366016173
"LL0000009950","LL0000009950","ENSDARG00000103759","fahd2a",-0.614001703792778,0.653381855315776,3.800069297781e-05,0.000960338941240915,1481.183891528,1559.33367849914,2109.23614982854,2054.86174138121,1343.30924655379,1002.56907950889,716.894064560136,888.262177065096
"LL0000040169","LL0000040169","ENSDARG00000071353","si:ch211-235e9.8",-0.615004870321705,0.652927689354956,0.000518615083127133,0.00878704534984591,847.676199664142,534.261384024494,556.51395555044,569.590577126858,419.759269161828,405.832360428403,241.107228474312,376.189063190183
"LL0000026444","LL0000026444","","si:ch73-30b17.2",-0.620091586281153,0.650629622637546,5.78694496059438e-06,0.000184366306925856,259.269446712859,218.332914775863,262.302367500682,243.718193707203,171.36836634052,125.074759222153,108.733892210731,157.519075130607
"LL0000029664","LL0000029664","ENSDARG00000103785","sult2st2",-0.620348071689373,0.650513962593921,3.13740045793132e-06,0.000105848884458363,223.392425539423,218.283961207527,263.120829775215,218.309061363266,166.307487685435,132.415212304372,98.4041724507118,131.696109330164
"LL0000019657","LL0000019657","ENSDARG00000103308","mst1",-0.62054123508221,0.650426870679921,4.00638749584552e-08,2.26318809613004e-06,588.975249474795,587.393712422522,714.21394754863,688.287170795657,397.397947754793,402.839989598683,297.639794170377,351.644609944251
"LL0000021157","LL0000021157","ENSDARG00000098855","oxsm",-0.620903090797621,0.650263751545306,1.4343497058027e-06,5.37161967121571e-05,222.559209378084,180.999425063694,207.563129742076,194.261527810656,132.937196567565,110.236960803843,93.2934679443932,120.815435789701
"LL0000022954","LL0000022954","ENSDARG00000071601","pvalb9",-0.624678725647893,0.648564190271537,1.90817561574054e-06,6.87787320799563e-05,3666.63756820149,3332.3461717132,5229.22016958692,4401.94649820694,3044.46322139205,2348.04726512186,1819.73522638789,2216.96324674102
"LL0000001192","LL0000001192","ENSDARG00000102004","apoea",-0.628566194201752,0.646818929508295,0.000127807802637555,0.00270813554383075,6260.03270718656,6257.74624421039,10866.3365288937,8373.80631991027,5661.11792158277,3978.58456046608,3462.70176959314,4180.89708315602
"LL0000025838","LL0000025838","ENSDARG00000053448","si:ch211-251f6.6",-0.63213687817144,0.645220025962947,7.11498967821189e-06,0.000219146572116197,572.15363722701,606.293262879247,625.394300169656,765.204698480039,442.811526494577,320.368982362738,266.640296009231,372.696164649936
"LL0000009007","LL0000009007","ENSDARG00000025703","dmgdh",-0.632159624185793,0.645209853287599,9.06043356462878e-09,5.89893457915988e-07,3540.96350857242,3347.19499168033,4702.60590616408,4098.66365916562,2764.20570551775,2111.33383398622,1724.14467677262,1895.28252006132
"LL0000005521","LL0000005521","ENSDARG00000055278","cfb",-0.635463602957267,0.643733920784483,1.06038559264453e-08,6.82122205756432e-07,2164.4875814436,1939.67454991766,1879.03910461097,1982.74249455447,1312.86106891476,1120.92606367135,933.370008166292,995.715579941939
"LL0000024346","LL0000024346","ENSDARG00000092478","sdhaf1",-0.636099787903481,0.643450116144271,4.13793134577086e-05,0.00103405981372149,180.216358386305,144.307797861589,206.437182099673,146.860705006186,95.6516152164143,94.6673975556905,83.1787976974454,101.495091499944
"LL0000022369","LL0000022369","ENSDARG00000061977","ppfibp2a",-0.636813650728639,0.643131808060289,1.3059858697513e-06,4.9460076129215e-05,457.08506540437,449.183427146635,450.052624482699,388.691332583038,235.677691100237,244.7252936812,198.426529446918,292.182839166506
"LL0000006665","LL0000006665","ENSDARG00000102540","CR450832.1",-0.637055416127858,0.643024041701864,0.00123772817365169,0.0176184610171097,380.524576889235,459.954432004376,353.411829467226,293.395176151895,177.632918061815,247.244633847542,163.109911788507,223.891267392606
"LL0000025469","LL0000025469","ENSDARG00000056203","si:ch211-201h21.5",-0.638101083530677,0.642558145829835,0.000206779997244952,0.00407632503366534,149.389058349673,149.691416404028,173.971191150328,135.095580254111,106.752597243651,100.215418912585,68.68859727774,66.4484896843358
"LL0000008548","LL0000008548","ENSDARG00000068934","cyp1b1",-0.638315587283399,0.642462615670186,0.000162280767612238,0.0033335122691562,294.233245055394,289.957045895283,321.135662846915,386.458231892752,157.630490039973,213.983510329504,133.944296541562,197.424375257792
"LL0000000126","LL0000000126","ENSDARG00000004687","acaa1",-0.638701489286106,0.642290788328101,1.06845989086544e-08,6.85675847386177e-07,319.928713490962,304.491195046158,379.64816348783,334.357191366907,204.439454581673,206.06579183322,154.039680631869,189.022890156729
"LL0000001485","LL0000001485","ENSDARG00000114760","asip2b",-0.638779783854341,0.642255932371714,4.91768328519942e-05,0.00120319914336421,205.040588888776,173.168791298572,234.754234549486,182.956175604923,93.0117798372509,123.262390742802,102.724197347664,108.232652425592
"LL0000028520","LL0000028520","ENSDARG00000104687","slc16a9b",-0.639070710020352,0.642126431533018,0.00185204582031806,0.0243996374632692,893.256622071095,708.847669496523,1096.54222804797,1228.66196827598,593.275279962502,440.837266110869,391.643371018282,782.514115164952
"LL0000028680","LL0000028680","ENSDARG00000053896","slc30a1b",-0.640570878207756,0.641459071519497,0.00297569017886432,0.0352481644138691,70.4756708773258,56.9101174665419,83.1618980022378,87.1373516370035,54.2354519268328,39.2768989858716,37.0797049976564,33.8316971666481
"LL0000024573","LL0000024573","ENSDARG00000070284","sft2d3",-0.643744433084778,0.640049578774365,1.6532712700246e-06,6.05408425729159e-05,320.160904842709,334.346940115934,430.485119070407,336.076037336155,242.580384981834,191.348995059374,154.331745125381,198.889371222113
"LL0000039519","LL0000039519","ENSDARG00000096851","znf1143",-0.643786461377435,0.640030933254399,0.00107952896185972,0.0158274014478986,147.78667600499,193.322911008408,226.767449915397,266.481001349298,106.619622084412,111.269442168066,100.616112830002,128.796838290425
"LL0000028572","LL0000028572","ENSDARG00000015033","slc23a1",-0.644905794525399,0.639534549768043,0.00106616382240922,0.0156741820780544,55.0198885649747,66.5490859072025,73.8023996224418,59.8759389272235,37.020995044119,41.4791618879189,29.5873569766504,34.4424671530474
"LL0000005544","LL0000005544","ENSDARG00000075444","cgref1",-0.645384773652749,0.639322257601434,6.31093827188133e-08,3.34703785389777e-06,334.842407414103,279.066052641704,391.238197898241,324.397311020037,212.934651560994,198.358809660725,144.54153584404,180.422183654031
"LL0000004415","LL0000004415","ENSDARG00000099438","CABZ01073736.1",-0.648485086976971,0.63794984621651,0.000145153001929767,0.00302091259201975,71.5040981537663,76.1637183735645,98.4194826666126,82.557214456296,49.7963527832242,45.2400725132174,34.2674978347766,46.3466589192935
"LL0000008418","LL0000008418","ENSDARG00000116863","CU984579.1",-0.650283994809912,0.637154877247791,0.0010528148463001,0.0155715832795179,76.2189073212615,73.3781452960922,76.3675666032165,84.8045248310477,35.2484990898848,52.1120178345441,34.856900111092,50.3397649123756
"LL0000028829","LL0000028829","ENSDARG00000029866","slc6a14",-0.651132680709854,0.636780172042618,0.000953880068926626,0.0144256924484635,69.1051426379438,57.7241409662592,75.3884952365086,61.1381458084297,35.2484990898848,40.0861675650339,24.6048706666531,46.3125837193856
"LL0000005220","LL0000005220","ENSDARG00000068629","cd151l",-0.651414793366573,0.636655664660348,8.2339784251702e-11,7.55643159980892e-09,909.501915516687,875.882761295991,1058.05044678386,930.379535110526,632.342542700114,520.495643966947,394.565760783285,476.285877830187
"LL0000019077","LL0000019077","ENSDARG00000081044","mir125a-2",-0.656366806245195,0.634474107005729,0.000540875865936121,0.00908975697447272,86.0970238140815,92.032708470543,92.9398426200726,73.5182981017597,46.099092699789,57.4113648888573,36.2446307369104,52.8451090760747
"LL0000012056","LL0000012056","ENSDARG00000069675","her8.2",-0.660139409091187,0.632817144265388,2.22882094450709e-05,0.0006078171032135,145.312357423248,139.427600444368,184.243539579295,158.535327228224,87.075399084696,82.241994803464,58.1798484306025,104.738397295658
"LL0000030057","LL0000030057","ENSDARG00000092060","tbx5b",-0.661183768689139,0.632359216920814,0.00199429867557681,0.0258722248121086,59.9588737593924,56.7457656956446,49.9326397021031,49.3049562971208,29.2058992459045,28.0603172955238,25.630073611097,36.2446307369104
"LL0000038708","LL0000038708","ENSDARG00000077205","zgc:153116",-0.669188080246667,0.628860497733263,7.07383240744219e-07,2.85169834488325e-05,233.746271333205,210.42021733373,237.802990842336,196.653429393527,124.342063571904,106.498705601781,106.752597243651,127.273582018983
"LL0000006123","LL0000006123","ENSDARG00000010312","cp",-0.670920639574678,0.628105740747892,1.09152847440817e-11,1.12885035186005e-09,3709.18425299796,2981.12087811088,4357.68899458093,3903.7173297521,2279.278141696,1944.58747635844,1693.94215626246,1972.23944419967
"LL0000001772","LL0000001772","ENSDARG00000035005","bag2",-0.671822006606872,0.627713435397533,2.21278331518088e-08,1.34614322538233e-06,514.472397404479,486.784754758457,470.598505165604,428.833258618062,287.940944775185,271.916992979111,215.463150662057,257.325939055414
"LL0000030247","LL0000030247","ENSDARG00000030621","th",-0.672517845218931,0.62741075055083,5.63533396453796e-05,0.00135414204622396,148.318819990626,108.671512111051,172.161996000325,143.291545763972,90.9889001671543,74.4094238698007,53.2493528008904,81.5750978937333
"LL0000010370","LL0000010370","ENSDARG00000037000","fkbp11",-0.672986587364292,0.627206933332739,2.87110666918445e-07,1.278165351452e-05,344.589327102714,340.391691878486,438.80736428087,331.185313358519,246.207395689627,182.065854108664,141.152718938279,199.685073003339
"LL0000012011","LL0000012011","ENSDARG00000019122","he1.2",-0.673150228275142,0.62713579501849,7.18384020793721e-07,2.89171076873089e-05,2142.26027629035,1503.57947928066,2159.94166447301,2215.35809679952,1396.09097932933,978.125625235018,837.432193176316,1208.05951852102
"LL0000028401","LL0000028401","ENSDARG00000040527","siae",-0.675234513748515,0.626230415691128,1.51034360467499e-05,0.000432123348129014,122.29690882682,113.572278538117,151.859265395132,121.859096853602,78.1680267518162,69.7138002221839,66.4484896843358,64.0238821498597
"LL0000038585","LL0000038585","ENSDARG00000100294","zgc:113209",-0.677031604991385,0.62545083821091,8.81700804893235e-08,4.45640092909289e-06,395.065087180306,312.593422923746,419.960689156627,368.121298291598,256.598044964859,213.722505911982,150.852461370241,193.238899699082
"LL0000011133","LL0000011133","ENSDARG00000070844","gamt",-0.678504436102271,0.624812648313656,4.06220438661181e-14,5.84110233965802e-12,8384.02194622685,6940.62393388507,9513.20877314074,8396.27483051017,5101.24866098433,4184.55102130958,3562.77614202995,4455.41028496144
"LL0000001193","LL0000001193","ENSDARG00000040295","apoeb",-0.682021183331277,0.623291445178385,1.60260710914432e-06,5.90308254216185e-05,21921.9608240413,22275.2297276631,31257.133145594,27929.9688780764,18703.3421217498,14318.9474302852,10397.3497121807,12574.1141136042
"LL0000005028","LL0000005028","ENSDARG00000104344","CCDC127",-0.686418685939489,0.621394472783788,0.001123732097817,0.0163491655989618,59.4617707777451,66.4484896843358,84.3489241021961,73.3781452960922,48.9535683353952,40.430064163639,21.1490994539309,39.0840133759081
"LL0000002730","LL0000002730","ENSDARG00000105075","BX324216.2",-0.687897613143889,0.620757798859778,0.000834350585601029,0.0129981766490302,122.276291616859,120.851996879605,126.271427829857,140.452803388812,48.3261743158806,81.3001678093456,55.76739042503,81.2629234367561
"LL0000008812","LL0000008812","ENSDARG00000075161","defbl1",-0.687918042882893,0.620749008485053,1.01312547726024e-09,7.89621187189869e-08,323.279091652943,313.67426119639,375.22427766646,347.344377895392,198.16915903528,191.761553040454,145.881633639478,171.58124791398
"LL0000038668","LL0000038668","ENSDARG00000009267","zgc:136439",-0.688267173313646,0.620598806161331,2.58346817788527e-06,8.95191698906663e-05,232.265788124476,191.197930063275,247.722494010018,217.03546333877,158.046725918894,120.944162137378,86.2829151154982,105.024985506757
"LL0000001101","LL0000001101","ENSDARG00000026726","anxa1a",-0.691339972004205,0.619278398347415,5.36110437345605e-13,6.73620259335793e-11,2517.25644579686,1968.4910444765,2132.41743668982,2125.04361640591,1324.33646580567,1248.68411965081,968.816782499468,1191.03883782681
"LL0000004104","LL0000004104","ENSDARG00000068104","CABZ01040999.1",-0.696492906141738,0.617070441298884,7.24494959960002e-07,2.9076037281141e-05,182.428338299347,188.327695137384,190.409295933911,229.645459555429,119.808640491454,107.743047389335,82.1835227316232,104.760636237746
"LL0000040239","LL0000040239","","sim2",-0.698420224720538,0.616246637757894,6.70283222856443e-06,0.000208602379391052,160.080452421354,176.827864985327,198.610179934756,193.856130608165,124.248489868744,101.717097373667,78.1680267518162,85.0918443888421
"LL0000009921","LL0000009921","ENSDARG00000100782","F7 (1 of many)",-0.69937311074421,0.615839747243867,0.000211249720417544,0.00415062595862979,116.359696861205,97.6886974776807,129.277890397234,100.4698885555,80.543623859801,65.0401342474765,34.8790783974091,53.9468323056055
"LL0000028639","LL0000028639","ENSDARG00000078800","slc26a10",-0.701355387614396,0.614994158561049,0.00261570778104478,0.0319263579321439,53.8106398838009,50.911711068811,72.9713353197387,88.6247977117103,45.0969385106632,35.8821030555358,23.1562918596928,39.633831807056
"LL0000020327","LL0000020327","ENSDARG00000070116","nit1",-0.704842779600747,0.613509343315947,0.000611873487391324,0.0100689511642995,92.198185399578,79.9658296666227,128.869798175682,94.5114450783643,70.4430194842485,47.9744969686873,32.5412711560997,52.3691986478288
"LL0000030873","LL0000030873","ENSDARG00000038040","tpk1",-0.705739476356113,0.613128139463354,1.13259793311024e-06,4.33767413848099e-05,353.991093162867,304.617140505844,465.998807698294,425.107333193775,206.979186655803,203.006374091223,184.003424468788,228.361309548501
"LL0000003836","LL0000003836","ENSDARG00000095192","BX957317.1",-0.707609921336884,0.612333737794461,0.000382055339573622,0.00681130061364942,92.042492415465,87.7788337335531,84.3012103892664,92.9038908255045,39.4160359263901,61.8287776190074,39.1643620827009,44.8708407362233
"LL0000011790","LL0000011790","ENSDARG00000075301","gsdf",-0.709369112412348,0.611587526350897,0.000810521997633565,0.0126710034850982,80.5679979197366,71.1529474279352,125.074759222153,87.5911909475335,47.7638485879906,56.7457656956446,30.351212367945,51.2771545490056
"LL0000020469","LL0000020469","ENSDARG00000104227","nop10",-0.716799233316144,0.608445845273422,3.477237868642e-08,1.98092053071853e-06,381.575418035807,311.989393968364,372.760978104148,349.528477914722,194.261527810656,172.214095553437,153.329590936255,224.51944483321
"LL0000023134","LL0000023134","ENSDARG00000026400","rad51d",-0.721478659217588,0.606475529508811,0.000630283781397343,0.0102962944094734,60.6592667781028,57.7652106357664,70.9991370678539,69.4898982057728,42.0904759432856,29.7308853888726,37.2514260351579,27.4388066356542
"LL0000025411","LL0000025411","ENSDARG00000069264","si:ch211-196h16.5",-0.722929428777973,0.605865966177452,0.000291387058429254,0.00543349973238851,156.002931463452,112.488944685206,194.872786401008,174.685913248024,105.680243327249,74.1225580861577,56.5315178085891,99.1678808160566
"LL0000026679","LL0000026679","ENSDARG00000087736","si:dkey-118k5.3",-0.723029355722742,0.605824002881975,5.50061781752579e-05,0.00132770298469884,123.362992205196,107.484804727723,119.844896905608,97.2089563452073,69.5702718099618,55.3737414036132,58.9426216617756,50.8755140719572
"LL0000005692","LL0000005692","ENSDARG00000103118","cib1",-0.724111633220121,0.605369697714045,4.15811138459702e-05,0.00103717492597801,234.313670959515,190.718503754895,245.939955455902,184.144880088168,143.821164780341,114.100977076139,89.0644730551189,85.2912967977812
"LL0000021403","LL0000021403","","pcdh2g10",-0.729896580054564,0.602947134708438,0.00276019198914618,0.0332677522357545,134.219569486593,101.223199285805,147.366716675415,109.450841523651,48.6304747843816,97.4857595906672,48.6026447450811,54.1063046709045
"LL0000011879","LL0000011879","ENSDARG00000057833","gulp1b",-0.731748136617405,0.602173807975854,0.000175939092973361,0.00354422345051307,52.3533555088706,58.9426216617756,64.5727678605611,67.5559243028454,33.5273702820421,30.2129992199012,27.0581631063979,35.8821030555358
"LL0000028369","LL0000028369","ENSDARG00000102788","si:zfos-128g4.1",-0.731905640468108,0.6021080702324,0.00109120719612554,0.0159551225103968,86.9368759066673,74.3579695605147,74.9156381425974,68.5563665052307,56.8827382335306,34.5122656764536,31.663642934011,30.6661942081998
"LL0000022779","LL0000022779","ENSDARG00000006300","psmd9",-0.732505021403962,0.601857970848398,1.7992012826255e-09,1.31822134301136e-07,302.3179586199,280.014410878461,317.523918553458,315.22229186097,184.396370799156,158.906456388802,117.795049894959,182.925377571028
"LL0000004090","LL0000004090","ENSDARG00000117349","CABZ01038697.1",-0.733185727396256,0.601574063522629,0.000605507074256556,0.00998251362335041,210.943447902323,196.682780651645,339.522368546967,269.934774735477,184.208656243738,101.217573101711,124.152076572154,120.684552400929
"LL0000007356","LL0000007356","ENSDARG00000053502","cryaa",-0.738604067390664,0.599318964942439,2.62631320445672e-06,9.05370971213292e-05,686.634393404803,655.482602962849,749.435457290755,655.977815694296,418.106029399584,334.357191366907,220.473921607687,469.542948555298
"LL0000012432","LL0000012432","ENSDARG00000101611","HUS1B",-0.743676759021824,0.597215386789367,0.000109516181511492,0.00238250857982404,129.277890397234,123.024353333266,131.890184070424,98.5764534688316,83.1618980022378,55.8070679023505,40.430064163639,63.4472983617926
"LL0000006076","LL0000006076","ENSDARG00000062594","coq7",-0.745596461104725,0.596421238922505,1.42592269731959e-07,6.78613016074806e-06,285.939932655276,273.371814258925,361.020474856773,311.344694613114,201.164221692253,156.10049596949,109.2548496985,172.234094666572
"LL0000005481","LL0000005481","ENSDARG00000079397","cerkl",-0.745890363059047,0.596299749966611,9.64766224849065e-05,0.00213686977100218,75.0815874492555,57.5356215144319,72.6361356278415,61.2251198421886,39.8892297165664,37.3879146713228,26.3867810484747,31.3302837346529
"LL0000031304","LL0000031304","ENSDARG00000042188","ttc38",-0.746649380130586,0.595986112892405,4.08959875813972e-06,0.000134549982621699,187.489114479897,158.892433969422,186.299334535116,186.419624062899,81.3510398597598,116.882329397954,72.7629731212621,90.4043294010428
"LL0000039051","LL0000039051","ENSDARG00000110658","zgc:174696",-0.747255212494559,0.595735892392373,0.0034211152865735,0.0392617878534677,46.6233784826304,69.1156877373039,69.2179812127937,49.0654690996015,29.064503474984,27.5459193600519,23.4855859759247,40.3579799128507
"LL0000027846","LL0000027846","ENSDARG00000080675","si:dkey-71b5.7",-0.749869467689642,0.59465735853709,1.06652283523382e-07,5.2813503713816e-06,296.066140640673,307.878781974968,302.24924309261,321.909435688308,166.127099931392,151.965832454916,126.111179058483,198.372409454803
"LL0000039514","LL0000039514","ENSDARG00000090116","znf1136",-0.750962074240959,0.594207172920311,0.00177694055712733,0.0236245122753518,145.096972727142,132.615076685162,112.722682667658,126.777867566235,46.0065635216044,93.5413630868975,54.161836601543,65.8014440580032
"LL0000024024","LL0000024024","ENSDARG00000006279","rragd",-0.754021868967491,0.592948261482621,1.15951773599205e-06,4.42873187543897e-05,147.734665862799,149.797919106309,190.317131306886,204.441294721332,104.224035669088,90.2178591110615,79.5368285615534,84.3489241021961
"LL0000019384","LL0000019384","ENSDARG00000104732","mlycd",-0.755799060916076,0.592218284558424,1.90699676827122e-06,6.87787320799563e-05,163.351132827513,170.183688777684,169.141610105582,136.177781080654,82.1835227316232,85.100883194251,59.1659475565449,90.6389976597037
"LL0000009749","LL0000009749","ENSDARG00000013024","erap1a",-0.756095609943174,0.592096565343577,0.000175551538769586,0.00354396401164696,82.3164199069625,78.270021649165,120.425778105072,102.554309098011,63.4472983617926,46.099092699789,32.8064942222042,56.3805367018607
"LL0000022981","LL0000022981","ENSDARG00000014101","pyroxd2",-0.758334176379481,0.591178547555297,6.58230460107488e-11,6.06135576775008e-09,466.424886570762,516.642286660311,527.133103480196,535.155936999706,267.807549333838,280.485578942242,218.177685347047,257.495769444179
"LL0000009922","LL0000009922","ENSDARG00000075827","f7i",-0.759767143365457,0.590591646829106,0.00430906339630663,0.0473117213814982,122.866196827598,83.1787976974454,209.141400666552,202.36585494775,89.4301845902802,65.5511431311757,63.6396388360138,82.8323265791629
"LL0000001421","LL0000001421","ENSDARG00000108788","ARSB",-0.760180934887946,0.590422278552005,1.07102259581459e-06,4.15566040098968e-05,140.986276805938,122.276291616859,175.235395475427,150.323128368877,78.9406267221788,79.5368285615534,53.8613611736915,88.0537743553106
"LL0000021254","LL0000021254","ENSDARG00000043403","paox1",-0.760393278899515,0.590335383258461,7.78088741227316e-08,3.98514822149739e-06,214.974805420437,174.17558659682,220.52670518285,174.150798169392,102.587097803654,91.7072187126446,82.2397838765712,112.892669405027
"LL0000009906","LL0000009906","ENSDARG00000068114","f11r.2",-0.766464111595623,0.5878564826783,3.14439500705545e-11,3.03045295142344e-09,430.58523666643,423.860820562203,459.345948122803,429.506743799793,225.186414342818,247.510880611546,180.270895345411,212.45668809468
"LL0000011207","LL0000011207","ENSDARG00000040907","gcgb",-0.767342041210436,0.587498860588151,0.000706284450788818,0.0112908933396317,115.847932722159,97.6591439300087,90.446436687897,66.5295184017902,56.7861392690584,41.4161632895814,34.2413991158881,52.1120178345441
"LL0000008525","LL0000008525","ENSDARG00000018283","cyba",-0.768346764884223,0.587089856256109,6.72660898699139e-06,0.00020910033416325,147.734665862799,120.425778105072,127.206787246572,116.823596983618,64.1378681040543,78.9406267221788,52.3533555088706,69.1051426379438
"LL0000009577","LL0000009577","ENSDARG00000097740","elob",-0.770350480305726,0.586275030920566,0.000389699538288264,0.00692573092203115,2105.24752038105,2953.34315938253,4230.39114269885,2970.25876022493,2040.82767130589,1689.7221567432,891.21917163451,1755.09590366998
"LL0000027498","LL0000027498","ENSDARG00000075714","si:dkey-27p23.3",-0.770749451983699,0.586112921267354,0.00185544145084806,0.0244204430601339,26.4225545380373,26.4161323065932,36.2256405681925,31.5551720301573,16.1135995839473,16.0344670260136,11.2772323888827,18.1223153684552
"LL0000006743","LL0000006743","ENSDARG00000096988","CR589944.1",-0.7725970225612,0.585362803008373,0.000721061720660704,0.0114725613058258,108.242673967483,115.755664457159,93.4306036773691,105.34469243896,50.4939477164176,60.2912147618727,56.355565047609,37.5245450311173
"LL0000013078","LL0000013078","ENSDARG00000053509","kazald3",-0.778706559147789,0.582889145322,7.78600872973265e-06,0.000237906805379297,249.485694006713,245.746913043684,245.538682359661,206.455494669325,170.366212151394,107.646309166608,94.6387580352661,115.852739128318
"LL0000039052","LL0000039052","ENSDARG00000098236","zgc:174698",-0.779873357389614,0.582417916781457,0.00299212918405258,0.0353791311034435,64.5401877929311,66.5995212804023,54.4771017208811,39.0807362422007,34.8854570842763,30.690813348028,18.5499951308521,28.3832789208621
"LL0000025557","LL0000025557","ENSDARG00000090600","si:ch211-213a13.1",-0.785785560019913,0.580036036513171,0.0042282175332911,0.0465762151792972,67.6633943332962,62.4213084913457,61.9913779546261,38.1566355539679,38.1837833016083,20.7080816447907,28.1987992719078,25.0538547281462
"LL0000023361","LL0000023361","ENSDARG00000111827","rcvrnb",-0.787245601096571,0.579449323430767,0.00069165166879558,0.0111031771476086,47.3193790176331,32.5200671237383,43.0485119070407,40.1419260350241,24.6524781485604,20.1419994799342,19.0409295933911,17.428450055546
"LL0000003632","LL0000003632","ENSDARG00000116628","BX908782.3",-0.789015609457634,0.578738846708527,0.000468080841413943,0.00809924436600998,108.733892210731,97.5602013712148,189.804802499225,135.111848605691,61.1381458084297,75.5324980497531,49.1055552671666,78.9406267221788
"LL0000012385","LL0000012385","","hspb12",-0.789163522043215,0.578679514438922,0.00337076526438441,0.0388831004693403,46.9954256019794,47.3327580452359,56.3975985438156,33.071088241153,35.8821030555358,21.1427012631978,17.2762856594859,18.5891301416767
"LL0000018484","LL0000018484","ENSDARG00000045827","lyrm5b",-0.792254726842449,0.577440928461629,0.000490291850673294,0.00838604599169907,82.5196703264858,52.0495643966947,82.8979726191583,81.4517878028435,34.2011151169282,51.721177700785,26.9218293210963,37.1104746934033
"LL0000024622","LL0000024622","ENSDARG00000014324","sh2d5",-0.794339975423775,0.576606907367328,0.0028054343015037,0.0336764834522915,27.0581631063979,33.8316971666481,40.2718119299005,34.5525713189719,16.6323796004476,23.4977128009897,11.833189511309,13.0922996619572
"LL0000028574","LL0000028574","ENSDARG00000088891","slc23a3",-0.795399725381739,0.576183508968603,3.72486055998008e-05,0.000943105231613036,77.3466379699244,68.0408396900267,111.788097113635,91.1960312104522,56.3861619444135,42.2854025263955,35.5688234165887,39.1350108245825
"LL0000024995","LL0000024995","ENSDARG00000052074","si:ch211-122f10.4",-0.80236260189506,0.573409375305731,4.4014871299963e-08,2.45034342522713e-06,392.652727722006,386.609394527045,573.095045409054,488.140773767723,275.011356194583,226.802798966756,180.139972348791,207.445917149051
"LL0000013475","LL0000013475","ENSDARG00000019365","krt99",-0.802395914652764,0.573396135066797,0.000283665163690223,0.00532273034645248,87.075399084696,74.4094238698007,60.1520466824873,65.461498309786,38.0818591867822,37.9325089444236,32.2174495439204,36.5850755142055
"LL0000013203","LL0000013203","ENSDARG00000079484","kcnt1",-0.802776432749229,0.573244918885871,0.00200610333839312,0.0259792905476249,84.2410811379188,99.5369538760564,74.5028520703159,78.2615740374713,27.41407508262,46.0555170899398,44.404043641187,41.4220219304846
"LL0000019833","LL0000019833","ENSDARG00000095930","myha",-0.803342378383412,0.573020088395094,2.91865471508705e-10,2.46791530295521e-08,1949.39509869054,1379.20583523264,1515.91577850118,1934.86453897665,967.460519020197,840.155964453655,690.966280496287,896.359921982742
"LL0000031327","LL0000031327","ENSDARG00000103537","ttll12",-0.803662501530338,0.572892953665569,8.9252729586354e-08,4.49422592855332e-06,120.851996879605,124.267119451605,154.805644611026,127.863002877434,66.0563863450933,62.616017319332,55.8070679023505,68.0408396900267
"LL0000011230","LL0000011230","ENSDARG00000055108","gde1",-0.808096166705555,0.571135051617422,7.32515210246562e-08,3.78780797852304e-06,535.451825386731,427.010388974604,678.06754590444,656.129884444084,359.425921474362,280.485578942242,221.562863783374,248.684127143808
"LL0000005899","LL0000005899","ENSDARG00000102398","cnn1b",-0.80918480530504,0.57070424322183,0.000530038879336251,0.00894116400656993,68.4960526957255,48.9535683353952,46.3466589192935,52.3691986478288,29.0624714846496,31.7812912777603,21.3138564638998,26.4225545380373
"LL0000025849","LL0000025849","ENSDARG00000071772","si:ch211-253p2.2",-0.810637802604757,0.57012975293499,0.000232054054208239,0.00447080568664043,73.5182981017597,72.1551016170611,68.68859727774,100.679529824751,38.6175797094392,44.0268871776553,33.2884264680687,34.5134694079845
"LL0000029340","LL0000029340","ENSDARG00000097683","sptbn5",-0.813032944983144,0.569184016660958,1.00353110802808e-05,0.000297180043653823,116.359696861205,101.717097373667,105.226189858214,92.2682649999493,47.3193790176331,51.8288569784578,45.0052624482699,55.8070679023505
"LL0000007023","LL0000007023","ENSDARG00000039063","CR847936.1",-0.813046591207595,0.569178632864736,1.34557190179778e-06,5.07406597129538e-05,201.288583978625,202.366280198437,160.825326983622,163.240568971209,100.85821860139,87.174573749155,70.4815041212209,101.382319176055
"LL0000029312","LL0000029312","ENSDARG00000030448","sppl2",-0.813621687784961,0.568951788354073,7.80500036610377e-12,8.32812122397477e-10,628.240266106448,516.256065589345,670.187060370975,588.42189139145,361.898379220866,293.066092433042,241.519159579329,285.006418555399
"LL0000024491","LL0000024491","ENSDARG00000044815","serinc4",-0.817111212383205,0.56757729681103,6.68318538506402e-06,0.000208231948805315,224.556692111454,183.233206279384,322.937602754882,291.756862466846,158.931632853468,109.717219114384,109.237289859855,126.289648170842
"LL0000009617","LL0000009617","ENSDARG00000078052","emilin3a",-0.818276117648783,0.567119191042224,1.10122215081521e-06,4.23616057414451e-05,726.620249796027,467.663379353761,607.024247358901,461.49439094105,290.044792511052,260.560089172721,228.620256610985,336.269629614669
"LL0000040354","LL0000040354","","si:ch211-116o3.6",-0.818840490171331,0.566897381246248,0.00180798956675946,0.0239233692935379,39.7252944958415,52.8909671294232,50.4025939581229,36.7026094675767,25.691120336656,20.5942685865362,13.8402397499924,29.3782868028624
"LL0000007761","LL0000007761","ENSDARG00000040251","ctsk",-0.819104480268948,0.566793657590627,2.16948739540109e-11,2.15259581457343e-09,872.960551852849,717.149073360474,1030.96214914342,999.904513705609,549.876585802202,439.945689026247,370.098262944241,428.89479705344
"LL0000030698","LL0000030698","ENSDARG00000061515","tmtops2a",-0.820981419420527,0.566056741296338,0.00119510869342583,0.0171479603295236,31.3302837346529,23.666379022618,28.1987992719078,30.0646256737754,15.3780441666582,14.0951341754652,13.2112772690187,12.7188785179893
"LL0000001503","LL0000001503","ENSDARG00000103044","ASS1",-0.823588721471607,0.565034662460994,1.12725721129411e-11,1.15250262944819e-09,1423.76918876117,1314.93636370597,1771.1401023746,1657.60304773542,975.87987480281,813.749201570189,584.365678333012,680.593621615318
"LL0000022310","LL0000022310","ENSDARG00000090444","ponzr1",-0.83093307625729,0.562165539021503,1.53425312630879e-07,7.23763724795035e-06,110.721917999939,101.686325122999,132.112772690187,123.275284097435,63.6396388360138,57.1937493046601,39.2768989858716,62.1335597258026
"LL0000039360","LL0000039360","ENSDARG00000098899","zmp:0000001082",-0.834888821480736,0.560626240932864,3.35727378187892e-06,0.000112560766484966,96.8591517908417,81.2629234367561,93.6794169645295,90.6389976597037,57.1227887801734,45.1089295555308,39.265016631653,36.5850755142055
"LL0000018553","LL0000018553","ENSDARG00000068152","malt3",-0.839687659067069,0.558764527477109,1.08755077268365e-06,4.18956342789263e-05,82.8323265791629,78.5537979717432,101.217573101711,90.2178591110615,46.3125837193856,42.6825880999065,40.113386095197,37.2047119349004
"LL0000005440","LL0000005440","ENSDARG00000092285","cenpv",-0.840220024507867,0.558558377155305,0.000245398295485426,0.00466986183107404,50.9704553508135,63.18923199039,81.2528259020544,79.3104825274196,46.0623682938636,36.5668052323496,25.8128032794672,24.8702993790222
"LL0000024543","LL0000024543","ENSDARG00000074836","setmar",-0.845864517385187,0.556377306894031,0.00400401782752672,0.0444892708117215,24.4593817653641,25.4558555344055,32.5412711560997,23.1632994019243,17.0366212151394,18.4536529999899,7.04756708773258,9.14626887855139
"LL0000009953","LL0000009953","ENSDARG00000005828","faima",-0.846424136589245,0.556161530838315,0.000420009431939723,0.00739112147606493,155.933721858325,174.405175739752,133.985916533977,99.3396259474389,69.1877682135738,57.7441243774314,64.2187124399647,82.7988453278754
"LL0000028519","LL0000028519","ENSDARG00000013926","slc16a9a",-0.847335170935235,0.555810436327178,4.01568331068255e-06,0.000132487985939807,159.551579325841,143.821164780341,195.814273341581,234.691591974295,88.6247977117103,88.1895686430747,82.0162355555105,94.6387580352661
"LL0000008876","LL0000008876","ENSDARG00000028336","dhdhl",-0.8612298604455,0.550483085177152,2.37090594749791e-11,2.33521208872789e-09,519.304821882195,409.939238387502,584.505605924619,545.312816646156,310.186791990986,250.538547281462,198.889371222113,229.549328000433
"LL0000001834","LL0000001834","ENSDARG00000093569","bckdhbl",-0.871134199308376,0.546716870843481,2.1190313211425e-07,9.73993729815398e-06,493.478987258387,486.044781726036,704.314422832946,688.647984001298,371.948267727756,263.182947795317,230.081771176358,221.872303337043
"LL0000013435","LL0000013435","ENSDARG00000022372","kng1",-0.871948779933421,0.546408268363312,1.03693054004807e-11,1.08069865470359e-09,548.271114023983,537.791386114242,662.423919012186,618.19737549966,371.507465053332,270.323057966074,201.5453057466,260.432983544303
"LL0000038781","LL0000038781","","zgc:158257",-0.885949059066717,0.541131429040507,0.001800125516473,0.0238558772855803,144.236719151597,125.172455768051,179.906720031872,141.1191853027,80.5738277187484,113.00723325499,28.7250979452435,55.3273229326637
"LL0000022068","LL0000022068","ENSDARG00000039145","plaub",-0.890125707000421,0.539567101859227,0.00396191061904975,0.0441674190031628,40.3018712772665,36.6181550545203,28.611502099543,43.3558325205317,23.9113883333784,9.64423240638363,17.6596736345928,16.5560968110307
"LL0000025484","LL0000025484","ENSDARG00000068274","si:ch211-203b8.6",-0.891117721931686,0.53919621638222,0.000303133848073286,0.00560203851604301,32.5412711560997,29.2058992459045,35.0753966194047,36.9073059999797,17.1155200702077,15.2437814642523,16.6323796004476,11.7488564004949
"LL0000031216","LL0000031216","ENSDARG00000069280","tsen15",-0.896133231687939,0.537324962622724,2.20950328216101e-12,2.58310146756641e-10,255.079276501822,214.587048103892,275.050519049252,248.635033615121,130.963280618532,132.364525299742,95.5386623927253,106.488738695639
"LL0000024537","LL0000024537","ENSDARG00000043986","setd6",-0.898086241901538,0.536598065301248,3.11382074782839e-05,0.000811313237290287,141.012175009765,136.965596463552,152.327436747129,107.646309166608,48.3261743158806,72.1538989307943,62.616017319332,58.7442820024743
"LL0000038882","LL0000038882","ENSDARG00000052905","zgc:165423",-0.899080746277032,0.536228295378516,0.000278263328171421,0.00523598504632704,35.2465692014846,29.5829737782725,37.2626990378782,30.0646256737754,19.4788559444337,19.1291106667027,9.14626887855139,13.6972537886039
"LL0000013632","LL0000013632","ENSDARG00000069701","lgi2b",-0.906091982459053,0.533628645169898,7.24847555932861e-09,4.81245084727869e-07,163.351132827513,148.654426944363,164.107633614344,167.681596106775,86.0970238140815,87.1373516370035,49.3049562971208,65.461498309786
"LL0000022611","LL0000022611","ENSDARG00000037946","prl",-0.911216313018773,0.53173660360627,1.47488762392276e-07,6.98208685205267e-06,110.556405579446,88.1164230037114,112.415300357435,126.894596723585,60.1292513475509,46.1341324999746,45.305788421138,51.8288569784578
"LL0000018470","LL0000018470","ENSDARG00000056874","lygl1",-0.912706198978342,0.531187757212667,0.000306061421163934,0.00564837718165891,49.3049562971208,38.2697990118749,68.1464848605577,50.2349442777502,34.2310401404154,24.3900503428037,16.6323796004476,17.6232846007423
"LL0000019652","LL0000019652","ENSDARG00000025436","msrb1a",-0.913472161295196,0.530905811406946,1.1241093045296e-11,1.15250262944819e-09,294.700481379079,240.608186729949,297.094492329029,251.540701470588,146.604021055475,114.774664000216,107.722722347383,129.145535721122
"LL0000007582","LL0000007582","ENSDARG00000105292","CT573239.1",-0.916867801055265,0.529657699414868,0.00117044680673838,0.0169023330753965,62.616017319332,53.8489251689347,37.4717667858118,55.3904985698189,17.9686246110265,28.7056824444287,22.1494965614453,28.455058733271
"LL0000027024","LL0000027024","ENSDARG00000101425","si:dkey-1b17.5",-0.916891256650354,0.529649088214864,3.08568470657163e-05,0.000805543457038879,114.726611571127,115.581379956603,97.2966976226396,148.454106419865,49.6818962418075,48.5815212160462,41.7218540186236,71.2623941600071
"LL0000028656","LL0000028656","ENSDARG00000001767","slc29a2",-0.916986391527477,0.529614162996313,1.35928090393288e-08,8.59993040608261e-07,365.912351209846,364.21454841534,388.523055621312,424.996189026611,153.329590936255,222.469038944322,170.14840540383,165.649091911542
"LL0000000100","LL0000000100","ENSDARG00000076620","abhd8b",-0.917504195871447,0.529424110837959,0.00137403485480549,0.0191829819371052,26.1766777544353,30.8330886416943,35.9259399369667,26.4349269011134,12.8192886372514,14.0993996359539,7.01507932388094,20.8833839783219
"LL0000024764","LL0000024764","ENSDARG00000099525","si:ch1073-13h15.3",-0.918130429410572,0.529194352518394,6.76995565645512e-07,2.74152616937382e-05,113.243423371221,91.2430620555054,124.842616982691,119.917747518785,52.8322646131864,39.1628546683162,43.3883615414663,62.4401983877959
"LL0000004572","LL0000004572","ENSDARG00000104644","CABZ01085177.1",-0.918418965490338,0.529088525305026,0.00164221879973735,0.0221786144179495,34.1404285635731,25.9449160521574,45.0541812118006,43.1378844171503,21.1123822864271,11.6017917004421,18.9106495488048,15.3472880783249
"LL0000031106","LL0000031106","ENSDARG00000104825","trim35-7",-0.924338539571937,0.526922050794191,9.6760566824273e-09,6.26938525623585e-07,169.938049612205,143.548566050387,220.746697997656,149.750732661335,90.8122874430391,72.7715526283111,63.78649954102,73.4643848827099
"LL0000019475","LL0000019475","ENSDARG00000055290","mpeg1.1",-0.927604941870457,0.525730397392035,7.13306799730057e-05,0.00165203329353501,143.129048304412,114.245577560347,117.857330493269,113.747732796004,86.3814282974297,37.1782602833534,40.1419260350241,55.2215510527753
"LL0000027276","LL0000027276","ENSDARG00000031588","si:dkey-239b22.1",-0.927698222775009,0.525696406132452,0.000120073616717369,0.00256893406640091,46.8101255084865,48.9047747372801,83.6698532501171,53.618113994415,28.8748891537386,27.3778315097971,19.2446415729884,27.7762546735032
"LL0000027758","LL0000027758","ENSDARG00000093318","si:dkey-57a22.15",-0.928425402059871,0.525431499689646,0.00433957274400246,0.0475302531623145,70.9991370678539,45.3194988298519,36.0775508085305,41.0081177777552,20.1359059649502,19.3087898547196,16.6323796004476,30.351212367945
"LL0000038552","LL0000038552","ENSDARG00000102924","zgc:112334",-0.933021162754369,0.523760380503057,0.00155539808388355,0.0212299995317486,55.1354143521919,50.5511919250076,64.6031458455013,47.9403882601135,37.5180147722469,28.5870136610706,7.83523779769439,23.9113989525427
"LL0000000179","LL0000000179","ENSDARG00000069292","acot16",-0.937871918395104,0.522002304706907,0.00014536357389928,0.00302295525025347,34.9491683760919,39.4965795502499,56.9609300714228,47.969739518232,23.8893413476729,21.782929692068,12.1657676858802,21.1454533905554
"LL0000029660","LL0000029660","ENSDARG00000006811","sult1st6",-0.938557685497778,0.521754236381545,0.00354182414029321,0.0403885111570586,22.0473921607687,18.4536529999899,31.2106542456729,26.4225545380373,12.7188785179893,5.87442820024743,7.88879300753932,16.1135995839473
"LL0000012954","LL0000012954","ENSDARG00000102722","itih3b",-0.942868766339566,0.520197450475503,4.98343864584583e-06,0.000161057309793448,120.574118296045,109.126542377048,204.927235484432,135.133192377283,76.5046365945556,62.8440972963101,44.8461618420734,64.8594191202249
"LL0000028346","LL0000028346","ENSDARG00000093686","si:rp71-36a1.2",-0.943337173568923,0.520028582705109,9.57650524210474e-06,0.000286751280016653,94.8230618656605,76.8960098409895,75.240439057294,75.9432444519568,37.9325089444236,38.2582213334055,38.6175797094392,30.3296333890514
"LL0000021239","LL0000021239","ENSDARG00000102822","pam16",-0.944387703916888,0.519650050209747,6.78162085363869e-08,3.55460045094524e-06,207.399831438987,168.697848204392,283.728828478223,248.684127143808,124.248489868744,95.6744975296872,84.1809518865713,102.520294444388
"LL0000030464","LL0000030464","ENSDARG00000095674","tmem123",-0.945768473793283,0.519152943152953,4.09319371432741e-06,0.000134549982621699,84.3489241021961,75.3348958373213,73.4303525030928,74.9435335716236,28.1987992719078,39.0840133759081,28.7056824444287,43.292197824643
"LL0000003920","LL0000003920","ENSDARG00000043719","c3a.6",-0.95122861005956,0.517191829832184,1.55862075782968e-19,4.23330844012951e-17,1455.73031723121,1298.46052414882,1690.3373424802,1559.94965129334,773.452780029472,652.191924741211,632.478452515763,635.257629335233
"LL0000013699","LL0000013699","ENSDARG00000086879","lins1",-0.953900685849954,0.516234803772918,3.14210714196651e-05,0.000816310327925965,49.3049562971208,50.3549986998354,76.1637183735645,64.5877854999645,31.2106542456729,20.3250419523364,21.5242559535204,31.3302837346529
"LL0000010794","LL0000010794","ENSDARG00000098720","FP245456.1",-0.955315218150761,0.515728894406759,1.13134387716254e-07,5.55122363376342e-06,228.123628442942,227.788898092698,217.533594383289,236.5083886337,80.9910326110666,119.808640491454,89.4301845902802,114.469906661904
"LL0000003916","LL0000003916","ENSDARG00000087359","c3a.2",-0.959552482927086,0.514216396047816,0.000167015300970775,0.00340217759682058,143.018267307272,73.6282682750761,100.100815495501,130.943796490071,49.359364381249,64.5336328497365,33.3667521774054,46.2579099979587
"LL0000026407","LL0000026407","ENSDARG00000077072","si:ch73-280o22.2",-0.959809559008113,0.514124775188914,3.38300357931685e-11,3.2257299022784e-09,233.018985276481,220.886204211101,262.853093213141,198.426529446918,113.797526833271,95.6455533335136,84.3489241021961,113.491531391289
"LL0000013493","LL0000013493","ENSDARG00000014828","l3mbtl1a",-0.961970005538722,0.513355445704598,1.44929144301657e-11,1.46503750418318e-09,194.394619859854,182.349450369271,193.363195007368,179.385599853527,105.339602541609,78.701188464008,67.0726384427102,83.7097881537819
"LL0000012933","LL0000012933","ENSDARG00000098012","itgae.1",-0.965641319782917,0.512050739513885,0.00453073261621898,0.0492428736125757,35.8927563035118,23.6565180313585,23.0424474050447,43.0224793391727,17.2029054077683,19.7734596575811,8.90236837512335,10.3022915995713
"LL0000031633","LL0000031633","ENSDARG00000041554","unc93a",-0.969031037153587,0.510849051182122,0.000177589666058161,0.00356891519479662,29.4713108308878,26.4161323065932,32.3093551013608,34.5134694079845,15.1064996099506,18.0387754042653,11.2772323888827,10.0679529824751
"LL0000010016","LL0000010016","ENSDARG00000059719","fam169aa",-0.971647617258133,0.509923376656979,0.00460191555953444,0.0498855948173477,27.4139982678213,25.6385772745028,44.3123988558552,56.1206345910475,11.2772323888827,18.1223153684552,16.2600335618691,20.5458806829058
"LL0000009920","LL0000009920","ENSDARG00000034862","f7",-0.974174990248544,0.509030853750615,8.24864558447576e-06,0.000249772332343433,171.337489173883,143.970472387593,324.28619162694,231.497617688071,115.847932722159,96.6523486317612,76.2189073212615,90.9889001671543
"LL0000031233","LL0000031233","ENSDARG00000030512","tsnaxip1",-0.978413962795395,0.507537398207436,0.00100890881661067,0.015071416205469,117.405032473747,112.593207171409,126.220688120629,131.930096593569,25.0538547281462,59.4617707777451,56.3805367018607,72.1538989307943
"LL0000025130","LL0000025130","ENSDARG00000097726","si:ch211-149e23.4",-0.990956293809124,0.50314415418109,0.000664263764930195,0.0107612454691902,29.2058992459045,40.0861675650339,28.7056824444287,35.2378354386629,20.3250419523364,10.7621279767602,11.7488564004949,13.8053877631938
"LL0000024787","LL0000024787","ENSDARG00000078598","si:ch1073-184j22.2",-0.99847585759488,0.500528506628023,7.3183026719036e-13,8.94462911567345e-11,294.725306761669,361.548890664818,401.863829839465,389.47459859423,167.128019509087,181.909125473411,113.491531391289,153.714204573141
"LL0000023783","LL0000023783","ENSDARG00000077906","rnf165a",-1.00156594174074,0.499457580380747,4.22386860492814e-15,6.8833698738129e-13,2391.90072100841,2086.58575049415,3318.33398832071,2837.88018968279,1093.89154172162,1291.71836765156,948.17336959747,1218.00872564619
"LL0000039191","LL0000039191","ENSDARG00000033501","zgc:64189",-1.00420603128606,0.498544423460333,0.00287489476098112,0.0343416460364378,32.2408201056913,24.7806710349329,53.8093516106441,45.7082525660299,25.4557891105416,22.4515351509195,7.83530367262569,12.1905558718574
"LL0000038681","LL0000038681","ENSDARG00000011983","zgc:136908",-1.00435920581579,0.498491494565663,6.3400290335518e-08,3.3558472575428e-06,532.080328166374,524.540350386954,945.114450783643,577.241409662592,287.846981812124,244.552583233719,214.512294461299,328.706574033278
"LL0000010979","LL0000010979","ENSDARG00000039852","ftr93",-1.00491214002378,0.498300476936531,3.45313673229925e-05,0.000885141978978023,36.2256405681925,42.4022624155239,60.4259984398025,44.0947843215373,19.4788559444337,19.1291106667027,16.2600335618691,23.4810064947495
"LL0000027797","LL0000027797","ENSDARG00000099695","si:dkey-61n16.5",-1.00541017978934,0.498128485896133,0.00192413572270425,0.0251522048846838,91.9672754377688,56.7861392690584,56.2076501787177,49.3478987258387,18.0387754042653,31.7812912777603,32.2174495439204,27.4388066356542
"LL0000009414","LL0000009414","ENSDARG00000043740","efcab11",-1.00588218438785,0.497965540525316,9.68445680364362e-07,3.77946820019119e-05,53.8106398838009,57.7652106357664,66.0686414381418,62.4401983877959,29.0624714846496,21.5292618333215,27.1834730526828,26.4225545380373
"LL0000004888","LL0000004888","ENSDARG00000055715","capn8",-1.0064274437392,0.497777372508854,1.5106398424682e-05,0.000432123348129014,375.258473431805,329.800852671441,727.126181225623,597.283896719006,308.586086277608,192.297901965275,159.551579325841,211.329058452745
"LL0000005510","LL0000005510","","cfap46",-1.0107608818033,0.496284436745774,6.4456241068808e-05,0.00151632884173156,61.9405653497452,50.0438950919348,73.9688417547822,45.0351470817901,21.0181764573113,34.2436086424302,17.4489541144349,26.8411626512787
"LL0000001615","LL0000001615","ENSDARG00000078113","atp5mea",-1.01400509641477,0.495169686744058,1.12710200039462e-11,1.15250262944819e-09,546.689846948399,462.394704415653,452.009375023928,378.900618915959,201.164221692253,205.448394695328,156.336053503632,226.569850722098
"LL0000026380","LL0000026380","ENSDARG00000096207","si:ch73-263o4.3",-1.01419338070089,0.495105066997844,0.000679628246906229,0.0109559495989578,34.1905181972034,48.0140677734238,33.0180306515705,36.6988564007522,23.5564570829922,11.7444405899742,11.6622176988819,17.0366212151394
"LL0000030163","LL0000030163","ENSDARG00000038713","tep1",-1.02874116206966,0.490137636739694,6.11658966985045e-06,0.000192361379687262,70.4756708773258,46.7475964903737,75.3348958373213,63.6396388360138,28.59687465233,22.1561994279276,28.0603172955238,28.7056824444287
"LL0000012835","LL0000012835","ENSDARG00000078888","iqgap1",-1.02972596715848,0.489803175667196,4.27914405596404e-21,1.35366946495079e-18,2361.94176968866,2158.51945533813,2550.62433049216,2245.98971522793,1122.18080532247,938.617175764932,706.518703333723,1204.61345972156
"LL0000038388","LL0000038388","ENSDARG00000029039","zdhhc23a",-1.03749063495046,0.487174108011979,0.000110262024387078,0.00239604179196831,132.174634505567,116.241364966092,98.6957974516774,88.1895686430747,35.8821030555358,68.4620802808308,39.633831807056,40.113386095197
"LL0000020666","LL0000020666","ENSDARG00000103478","nsun6",-1.03922298120486,0.486589474584787,2.90435831011334e-06,9.86051648997948e-05,54.3357560555257,54.3669461053656,64.0238821498597,54.7890151544155,19.5814273341581,32.5412711560997,16.1135995839473,25.0538547281462
"LL0000020404","LL0000020404","ENSDARG00000091320","nlrc6",-1.04061958452671,0.486118658762445,4.51733413499397e-06,0.000147590033482203,151.726144233653,151.494239100472,182.02858992315,202.610180701866,69.6505355150507,106.963546812839,47.5990048092404,55.5012795669586
"LL0000005729","LL0000005729","ENSDARG00000016598","ckmt1",-1.04167597278319,0.485762837149421,5.44191250045259e-20,1.54927935822498e-17,2270.46649939563,2234.50061938551,2922.60412453845,2521.41993984063,1424.00688983255,1006.79529824751,789.62787984827,995.986025485624
"LL0000024511","LL0000024511","ENSDARG00000057108","serpine3",-1.04205117085609,0.485636522455271,0.000127677861846984,0.00270751579432457,50.8755140719572,62.6605674693059,49.3049562971208,43.3052988818584,27.0581631063979,22.5544647777654,11.0747482807226,28.455058733271
"LL0000026091","LL0000026091","ENSDARG00000112419","si:ch211-62a1.3",-1.0450075298182,0.484642378980408,5.67374785350384e-05,0.00136107443968892,108.232652425592,67.6633943332962,66.4484896843358,64.0238821498597,32.2863839302806,30.351212367945,23.666379022618,38.2697990118749
"LL0000025122","LL0000025122","ENSDARG00000109648","si:ch211-147m6.1",-1.04706369386183,0.483952146865051,2.72021954086684e-07,1.21501633279682e-05,88.9055993421734,97.1054065159725,93.464705417819,79.6299632753192,49.9326397021031,31.4960060826007,33.2342991418914,32.0488909682446
"LL0000026169","LL0000026169","ENSDARG00000093602","si:ch211-93g21.1",-1.04857439084179,0.483445648695578,0.000887493382692915,0.0136364626098456,33.2884264680687,23.666379022618,43.3052988818584,34.0732424302788,7.17642061110717,17.0551123523129,13.2112772690187,17.6107548710621
"LL0000022637","LL0000022637","ENSDARG00000086512","prodhb",-1.05229202651255,0.482201476465957,0.000128811447765109,0.00272725277083151,33.5363192213551,30.3296333890514,45.0372828685636,48.3188571711784,12.0851996879605,20.043083782517,14.3528412222143,19.1291106667027
"LL0000006970","LL0000006970","ENSDARG00000094151","CR812469.1",-1.05806951693366,0.480274289178463,0.000407121327093412,0.00720202984487813,40.430064163639,42.2981989078617,33.071088241153,35.8821030555358,11.0747482807226,15.2437814642523,11.7405032473747,23.4977128009897
"LL0000023044","LL0000023044","ENSDARG00000087762","rab27b",-1.06106964601001,0.479276581641955,1.37833217506577e-08,8.69999386275666e-07,95.5276971759811,76.3132711079358,110.635064437993,83.8775916526618,35.2484990898848,42.0904759432856,31.7812912777603,43.292197824643
"LL0000012866","LL0000012866","ENSDARG00000056407","irf8",-1.06263446656091,0.478757015665759,0.00302993328009152,0.0357332940989141,42.2981989078617,23.0495463498945,22.5544647777654,29.1970636491778,14.2275293666355,16.6323796004476,4.89535683353952,11.833189511309
"LL0000031445","LL0000031445","ENSDARG00000061222","uba7",-1.06325523670472,0.478551057980823,3.2706142485172e-05,0.000846424894402108,112.761073403721,71.1376468331774,155.561668027715,128.258349038735,37.4717667858118,57.4046985178123,42.8320700432388,53.3105531110818
"LL0000019720","LL0000019720","ENSDARG00000037101","mtmr7a",-1.06421306960383,0.478233444204554,5.05532419787828e-08,2.75167231491395e-06,118.837796931612,107.230498236466,151.730035777694,149.005704140632,47.7638485879906,64.5727678605611,35.2465692014846,63.1103440603146
"LL0000023329","LL0000023329","ENSDARG00000099396","rbpms",-1.07246776477699,0.475504940280508,9.8618022231927e-05,0.00217891536548421,29.7355363762682,27.3945075772077,36.2256405681925,23.666379022618,15.1064996099506,15.0323128368877,7.17642061110717,11.0747482807226
"LL0000018579","LL0000018579","ENSDARG00000101127","map1lc3b",-1.07522103970771,0.474598340245233,1.2143480045793e-34,1.36052514563054e-31,2413.18728741504,2150.87577744326,2682.10267453137,2502.01266433261,1059.58041807557,922.285227438846,805.642985894953,1067.52597243651
"LL0000022359","LL0000022359","ENSDARG00000007682","ppdpfa",-1.07711470726459,0.473975795716501,6.59769234249838e-16,1.24933344646084e-13,912.962466293648,759.675381832916,1233.3242403532,1082.30848396191,441.247247047167,399.461117616825,308.649026419976,422.981989078617
"LL0000022974","LL0000022974","ENSDARG00000002197","pygl",-1.08073957116512,0.472786395951393,3.42038815843279e-12,3.89706852508896e-10,942.645575660919,702.51008657722,1184.10940083268,1057.13506315989,532.516099151214,352.215097421242,297.637695479203,360.912280094924
"LL0000011988","LL0000011988","ENSDARG00000086458","hdac10",-1.08456146208611,0.471535579468572,2.57128174939795e-07,1.15811046833436e-05,115.530421271533,136.081679380053,226.597494149259,153.329590936255,84.0666414443982,63.4281037895933,49.7963527832242,59.6808915074883
"LL0000005234","LL0000005234","ENSDARG00000069978","cd28l",-1.09170206496464,0.469207485611342,0.000185520920852851,0.00371037578846431,29.1670237694284,32.4993522274297,31.4428399002644,40.3873311709691,20.6290336965355,10.1469600059475,8.77184077351133,13.5090384694164
"LL0000039523","LL0000039523","ENSDARG00000100652","znf1147",-1.09506995251453,0.468113425569568,0.000200732599002773,0.00398339398862404,21.3754813916549,19.8036635165286,24.3087501749943,21.4753371899896,10.0844350770914,9.00308501985425,9.8494377456878,5.13102944832434
"LL0000027264","LL0000027264","ENSDARG00000098881","si:dkey-238i5.3",-1.09758896118351,0.467296792191697,0.00410028926121781,0.0454275558075343,24.7019705820404,15.8959179101917,23.3647193967236,11.204083834427,6.84835566888512,10.7022340203711,4.90849763148924,7.74873214326733
"LL0000026928","LL0000026928","ENSDARG00000095594","si:dkey-184a18.5",-1.10247350954938,0.465717335636142,5.39675926554859e-05,0.00130732846748951,125.18528403839,93.6300845824739,220.453878523904,215.231106156548,57.3873320001082,74.1864031260279,60.6592667781028,59.7233533691822
"LL0000012410","LL0000012410","ENSDARG00000115925","htr2b",-1.10581776557647,0.464639024425841,6.5472836037684e-06,0.000204471438817339,38.1837833016083,31.5551720301573,37.2626990378782,31.0667798629013,15.3780441666582,14.0951341754652,13.2112772690187,12.7188785179893
"LL0000008789","LL0000008789","ENSDARG00000022614","ddx43",-1.10601762149933,0.464574662639947,5.89524432086376e-13,7.33876039554193e-11,276.454254612257,304.310989999277,382.431194039317,340.444452701635,130.114127239031,107.697850337869,121.290192490917,142.001096333536
"LL0000026127","LL0000026127","ENSDARG00000098036","si:ch211-69l10.4",-1.11171307716348,0.462744235328264,2.5753951983445e-05,0.000687684225305713,61.9913779546261,121.318533556206,101.823422137622,111.429201231493,42.2981989078617,43.0926301324115,37.9325089444236,37.2514260351579
"LL0000026737","LL0000026737","ENSDARG00000094417","si:dkey-13n15.2",-1.11231516927093,0.462551154660661,5.09529846610741e-06,0.000164474766452776,64.5727678605611,66.5768529361375,84.8045248310477,88.6247977117103,26.0560089172721,24.6048706666531,26.1766777544353,45.7313443927569
"LL0000011154","LL0000011154","ENSDARG00000092337","gas5",-1.11458783428704,0.461823075447595,1.89703844469855e-05,0.000529143845845428,68.1727392638714,116.330113887427,120.972848876485,134.268618259081,41.213158366644,45.6178949635948,48.4040874094892,38.2153380702048
"LL0000000195","LL0000000195","ENSDARG00000019763","acp5a",-1.12902393238739,0.457224959934507,2.09269243648843e-07,9.65187082757075e-06,1421.05464018045,2170.3546333877,2608.6066177593,2423.76125281612,1248.40684530418,833.189733068426,560.104303535292,688.856382213748
"LL0000025603","LL0000025603","ENSDARG00000100155","si:ch211-217i17.1",-1.1301096030504,0.456881014067952,0.00305751235555298,0.0359638887701068,20.8406626737235,13.6584281919701,12.76779728152,18.1617738524316,3.44148594953903,7.46261080731561,5.28135257669322,9.50363129499478
"LL0000004669","LL0000004669","ENSDARG00000099536","CABZ01102115.1",-1.13290349895233,0.455997083124365,3.23105018827639e-08,1.85244581050243e-06,132.137282876284,113.802297061628,140.301586477619,125.074759222153,38.2582213334055,52.5402334467896,38.1566355539679,67.5559243028454
"LL0000027491","LL0000027491","ENSDARG00000101757","si:dkey-27n6.4",-1.13562470056176,0.45513779516265,0.000295966128293763,0.00548542175715426,22.0388964645949,24.4256753495936,28.4102902664471,23.7410327403913,4.44938077888644,11.7291652245835,9.97959559859718,12.1122858502083
"LL0000012374","LL0000012374","ENSDARG00000030307","hspa12b",-1.13758977653785,0.454518279959265,3.71648302642977e-08,2.10384235995095e-06,666.498487439853,697.148938965139,487.230884766052,416.105330850859,208.06691557385,247.74659360319,203.437300392547,230.670662499873
"LL0000000275","LL0000000275","ENSDARG00000057644","adam8b",-1.13885885676229,0.454118634492866,2.72370860390016e-09,1.93750795371088e-07,139.986896385542,137.295123910241,151.730035777694,149.005704140632,86.3814282974297,51.8538893425718,40.1419260350241,44.3744606674087
"LL0000039270","LL0000039270","ENSDARG00000021154","zgc:92040",-1.14121405536583,0.453377890948949,5.75248007004121e-26,3.22246742923621e-23,686.475619551206,652.029072666308,802.415852703267,761.172821114999,277.858576854536,289.80512454554,233.705492848352,293.066092433042
"LL0000000665","LL0000000665","ENSDARG00000105454","AL928854.1",-1.1412187138346,0.453376426992066,0.000126014650481314,0.00268070248163929,30.3539932162608,18.5999817501757,29.1772757988729,27.4452398302272,15.5181695306088,9.35326758707521,7.34303525030928,7.86907102502047
"LL0000039002","LL0000039002","ENSDARG00000098923","zgc:173577",-1.14307482933374,0.452793505523245,0.000513603200983261,0.0087076144207055,31.9298896980154,31.0589631980585,24.9436177673424,29.2387879755395,11.5378741179165,19.877891029385,6.70187060370975,7.32345382297512
"LL0000007665","LL0000007665","ENSDARG00000103635","CT583728.7",-1.14488733737972,0.45222500245599,2.11437191542073e-07,9.73516206057329e-06,181.047799523027,138.838802415186,177.822239318491,232.721068388761,105.743710174936,55.1418388166887,54.4759350678188,65.6761072787662
"LL0000008231","LL0000008231","ENSDARG00000098513","CU855694.1",-1.14588328402705,0.45191292226109,0.000475394373615699,0.00820766543031187,63.2871524478386,46.2293079205892,95.3328863686829,84.8071617842387,48.1906642848058,17.4530425493629,20.7546132567963,26.7475448205409
"LL0000004068","LL0000004068","ENSDARG00000104885","CABZ01033178.1",-1.15014439809855,0.450580130872925,3.3894896832032e-06,0.000113499362505169,80.4930244705881,73.291758498293,106.680029802306,71.5441476722242,20.4676106612566,33.1709379040638,28.7645115037403,41.1098209385456
"LL0000006456","LL0000006456","ENSDARG00000097344","CR387932.1",-1.15920047605367,0.447760610171333,0.00159251382594106,0.0216377484920309,26.4485124849621,38.2822165172256,29.1653668170201,53.1635752122392,21.9407055522187,17.5940365457225,8.71874144539488,9.24733055888381
"LL0000028467","LL0000028467","ENSDARG00000104974","slain1b",-1.16273398260407,0.446665278840668,7.23723046063273e-07,2.9076037281141e-05,128.869798175682,98.5764534688316,202.406275984741,156.827651519272,59.2546964778797,65.461498309786,35.0753966194047,67.1302888021853
"LL0000013622","LL0000013622","ENSDARG00000037613","lgals8b",-1.16858369046163,0.444857848112726,5.93007158779908e-09,3.99633320612354e-07,188.404987555659,161.982065222133,304.052180070749,260.160536989906,85.1186485434669,85.1792089035877,66.0686414381418,100.709997399671
"LL0000038676","LL0000038676","ENSDARG00000070830","zgc:136858",-1.17173487378011,0.443887234959099,7.78986816814112e-14,1.07416289832383e-11,181.977800334309,174.274703274007,240.608186729949,172.214095553437,87.1874144539488,82.0162355555105,54.3669461053656,76.2189073212615
"LL0000031671","LL0000031671","ENSDARG00000100719","uraha",-1.17219022137152,0.443747156090315,5.73196036847541e-16,1.10882505286284e-13,448.326569529216,471.355382200474,566.957001361187,557.097513735059,256.064939433748,219.481375017958,126.015260104486,192.739928311069
"LL0000007769","LL0000007769","ENSDARG00000013771","ctss2.2",-1.18390430491841,0.440158701881557,1.65485958165395e-06,6.05408425729159e-05,52.6418586565513,42.7452155731502,56.8057206963926,48.1808032935464,31.0589631980585,18.2091416164167,13.3276382777705,14.4273766238868
"LL0000012139","LL0000012139","ENSDARG00000094154","hist2h3c",-1.18848390735271,0.438763704429728,0.000227529609698501,0.00441673077074106,35.2431827611819,38.8740589962729,49.7970416576634,62.5886397582989,23.0958841417979,10.9551976123093,9.79353645885177,25.4558555344055
"LL0000027716","LL0000027716","ENSDARG00000092137","si:dkey-4i23.5",-1.190635417979,0.43810985784953,0.00112654046024509,0.0163738088840704,21.5364049105823,26.8090013077924,41.3188172176587,32.0375920138713,21.5856911944267,8.80074316536167,4.59836377188844,10.6327150424478
"LL0000021372","LL0000021372","ENSDARG00000104057","pcdh1g14",-1.19663461942921,0.436291835260636,0.000926717856143214,0.0141135705829916,119.058486681086,105.778870459122,95.2571755660373,96.8528044992634,17.8984738177877,48.2870586833068,25.4115133277672,69.0441675120868
"LL0000021609","LL0000021609","ENSDARG00000060707","pex11a",-1.19891061444278,0.435604084108446,1.40941929706019e-16,2.83462964785554e-14,205.458806829058,190.918916508041,227.788898092698,213.505194487302,80.1723351300679,86.117047333286,79.5368285615534,72.1538989307943
"LL0000026112","LL0000026112","ENSDARG00000095634","si:ch211-66k16.2",-1.20222991900107,0.434603012839918,0.0018743973431739,0.0245976916352382,75.4033821062643,46.9954256019794,106.084543968885,122.785628829679,18.2091416164167,54.6638209977477,32.7208471930441,24.6441133672079
"LL0000038569","LL0000038569","ENSDARG00000079760","zgc:112998",-1.20336580639291,0.43426096841522,5.96337911031044e-16,1.14535214926527e-13,353.643155868944,397.885277708635,345.073059070366,363.453102667352,162.427572762096,148.497798573878,99.1016037381741,127.670253835764
"LL0000039455","LL0000039455","ENSDARG00000096226","znf1072",-1.20753060096017,0.433009144833248,0.00329064268888088,0.0382047026171494,30.873738725599,25.5453783157462,18.4457045487769,24.5538682359661,3.77662490248765,7.28566095494492,10.1700132088833,15.7764823235385
"LL0000005637","LL0000005637","ENSDARG00000099928","chrm5a",-1.20919310121408,0.43251045094863,0.00119067837292004,0.0170935134914292,12.7188785179893,13.7069991339107,11.833189511309,13.0922996619572,4.00861675650339,6.15121766666329,4.02718119299005,5.0812604880841
"LL0000002334","LL0000002334","ENSDARG00000104924","BX072577.1",-1.21193774670024,0.431688406541896,2.29412100118779e-05,0.000621214698901697,55.5046247923853,42.4082000335499,42.1190553999569,57.6477220717614,12.6023468295441,27.3226222945307,16.3351132827513,17.1824013488794
"LL0000005523","LL0000005523","ENSDARG00000039579","cfd",-1.21259395443047,0.431492098349911,3.00754893636714e-07,1.33009841036145e-05,194.417912690415,169.15848583324,389.629780421787,287.59934362556,103.707778685144,96.9280653040825,70.0130379419115,100.709997399671
"LL0000011774","LL0000011774","ENSDARG00000004954","grna",-1.21278448579637,0.431435116556798,2.52032338938368e-06,8.78975040429804e-05,99.4446856110565,57.3873320001082,84.3489241021961,71.421394754863,32.2995643876938,20.4714178545645,33.2342991418914,26.0560089172721
"LL0000022011","LL0000022011","ENSDARG00000030417","pkd1a",-1.21772665164636,0.429959700144237,9.79690034694077e-22,3.37729299267808e-19,580.176535474435,567.861392690584,784.934904250163,725.11198127763,278.598864576986,290.132433277618,191.291106667027,241.867999232803
"LL0000028787","LL0000028787","ENSDARG00000046012","slc47a1",-1.23681640771633,0.424307943350102,2.60875352263366e-15,4.43966920696813e-13,208.331680011448,171.215672357548,189.939845141333,174.539545291808,83.5892978417268,77.1658725626903,58.4365678333012,56.3805367018607
"LL0000026163","LL0000026163","ENSDARG00000102230","si:ch211-8c17.3",-1.2381963322,0.423902290753077,6.21701136999546e-05,0.00147285655266791,22.441467197937,20.0506538859799,27.7662901800413,23.2235728183115,12.8192886372514,4.41109788610558,8.18759972515818,8.49893240943977
"LL0000025369","LL0000025369","ENSDARG00000077572","si:ch211-193k19.2",-1.24225885495326,0.42271029226707,0.0031624234611764,0.0370834778689188,16.8392972575107,14.6364940483938,8.25357162134763,19.3472648509902,4.93478987258387,5.71227887801734,6.06920143110778,4.82254947860558
"LL0000008616","LL0000008616","ENSDARG00000062132","cyp4v8",-1.25406687757506,0.419264656336487,8.13975774216736e-06,0.000247310673366258,88.1674532221738,108.733892210731,99.5927055664484,51.8538893425718,27.4139982678213,32.5412711560997,31.2200991938979,31.0667798629013
"LL0000008492","LL0000008492","ENSDARG00000075163","cxcl20",-1.25772622914786,0.418202552005316,0.000107934389405185,0.00234999821596439,44.0947843215373,38.9577118888675,58.3941272983557,81.3001678093456,25.4377570359786,14.6860705006186,10.8470903853666,27.1916992979111
"LL0000000375","LL0000000375","ENSDARG00000091211","adh8a",-1.26161437548658,0.417076989418288,0.00116815445336759,0.0168782939799039,36.9695233516486,26.8087303351317,90.0007411438336,64.9515944674024,18.9626861918726,21.1994544526307,12.2062380235528,26.0093987005413
"LL0000022260","LL0000022260","ENSDARG00000070231","polh",-1.26834355956452,0.415136140855678,5.16301116894233e-23,2.10345768669228e-20,277.59671038786,279.88040383318,351.371559088382,329.26567962785,114.469906661904,107.697850337869,91.7072187126446,113.802297061628
"LL0000026146","LL0000026146","","si:ch211-79h18.2",-1.27014607176415,0.41461779104924,0.000214726608505851,0.00420829721291096,24.6048706666531,22.0085452196906,34.5525713189719,39.9959810627233,8.81164230037114,12.8192886372514,13.0922996619572,7.01507932388094
"LL0000012051","LL0000012051","ENSDARG00000070770","her4.3",-1.27227544543458,0.414006279292513,0.0027965413044569,0.0336147515134294,84.5013619168386,61.813749597428,121.209035198439,142.008135126967,49.3680407253186,60.4198760623974,26.5117481433188,11.7996408954608
"LL0000025791","LL0000025791","ENSDARG00000087585","si:ch211-242f23.8",-1.27472458867077,0.413304051532336,1.26480570354413e-09,9.6892765135607e-08,96.5439492735979,92.9456507083834,121.257988766774,113.401399483378,50.3549986998354,43.0926301324115,18.4536529999899,42.2854025263955
"LL0000000817","LL0000000817","ENSDARG00000094110","AL954145.1",-1.2915951936908,0.408499100382081,1.42322602595225e-10,1.26300741293169e-08,84.9180252768615,95.0295900347924,105.18163692543,100.453917959754,49.9018037115369,29.9944748805366,26.3477156722077,31.7744596126915
"LL0000026504","LL0000026504","ENSDARG00000100480","si:ch73-364h19.2",-1.29439408700133,0.407707361994448,0.0016911584649077,0.0226913971870775,44.335016702371,42.8823168927798,31.908589381767,21.703546333877,13.5111929024816,5.88409964520139,9.04018750047855,20.3353122865232
"LL0000004480","LL0000004480","ENSDARG00000117816","CABZ01078767.1",-1.30127659855701,0.405766987959443,0.000198611545063683,0.00395004869468741,22.5201464831887,13.2961199276519,26.875509016132,24.9778908601214,5.03549986998354,10.9435237452543,7.17642061110717,7.37980953615426
"LL0000031224","LL0000031224","ENSDARG00000033726","tshba",-1.30408055293196,0.404979124160085,0.00046874054884738,0.00810544348421684,23.3737982451869,13.6972537886039,22.5186414342818,17.7497842669635,11.0780997139638,7.01507932388094,1.02520294444388,8.0543623859801
"LL0000006502","LL0000006502","ENSDARG00000095025","CR388166.2",-1.30716761389866,0.404113481326003,9.73222464680563e-06,0.00029012171677157,24.5341462534473,28.128302273728,32.2092356385048,27.6599754410959,12.8366400526558,14.5730550798252,4.36355370694095,6.92203456262488
"LL0000002319","LL0000002319","ENSDARG00000097429","BX005461.3",-1.30811564756421,0.403848014734154,2.38499611672308e-05,0.000641924348647707,19.5675054122912,22.5186414342818,29.5829737782725,32.2271991678947,13.028004458636,7.17642061110717,8.0543623859801,8.13001678093456
"LL0000011358","LL0000011358","ENSDARG00000029955","glb1l",-1.30896232701425,0.403611076580086,7.55221812367806e-09,4.98947403261866e-07,282.658703812622,283.865934340886,296.684637378255,282.349319346656,59.1261198354903,126.782764622416,91.2633996435817,109.595582122803
"LL0000002547","LL0000002547","ENSDARG00000097247","BX322555.3",-1.31584078365019,0.401691326733447,4.00424897486834e-07,1.71449443766297e-05,80.2267721903941,83.2112754565048,82.0434472784089,133.481030553524,35.746839926119,28.2340890899845,36.6674847621744,31.0363390612177
"LL0000011807","LL0000011807","ENSDARG00000090228","gsta.1",-1.31765397610189,0.401186794480914,1.46012524950309e-24,6.88794874278746e-22,1465.59230815845,1136.64328130654,1604.08378702412,1333.55071229374,636.519338821319,478.963613729359,335.145919537783,428.085352554121
"LL0000007469","LL0000007469","ENSDARG00000112540","cst14b.2",-1.31766652702627,0.401183304316276,1.05622269948884e-05,0.000312096397434674,46.4354078406283,28.1987992719078,69.1486390496835,57.4113648888573,22.1494965614453,17.2762856594859,12.7188785179893,15.6651418673265
"LL0000038905","LL0000038905","ENSDARG00000074764","zgc:171426",-1.32230624992095,0.399895166901735,3.91077699367823e-05,0.000984615005458931,25.701191336396,39.0840133759081,49.7120907760838,50.6317355488674,13.0181893704715,9.64678016825958,15.0189547652993,16.7636851410211
"LL0000040140","LL0000040140","ENSDARG00000070858","si:busm1-105l16.2",-1.32271980640846,0.399780551175794,0.000573106282639191,0.0095294177250048,36.7535255583131,28.4721710344396,27.0221432756313,46.2869340527749,18.4652859761111,6.02506565950816,5.89153484788074,16.9564488800094
"LL0000027630","LL0000027630","ENSDARG00000110810","si:dkey-3h2.2",-1.32635809925563,0.398773625828399,0.00109086266880855,0.0159551225103968,29.2674220579709,20.7664014638121,22.4682969202015,16.7313120533241,5.94009225966032,8.85155577024251,11.2415318593613,3.47570335181306
"LL0000039212","LL0000039212","ENSDARG00000052375","zgc:66455",-1.32849362268254,0.398183784988145,0.00336851188848905,0.0388737837637692,10.0215418912585,8.20162355555105,8.0543623859801,10.1625209761682,2.93512581184369,1.95814273341581,1.97219825188483,5.03549986998354
"LL0000007811","LL0000007811","ENSDARG00000100755","CU074330.1",-1.32928990465821,0.397964071828298,9.91164964130908e-13,1.20051507750072e-10,88.7092857866223,105.915940450461,105.670382335989,92.985540599116,38.2622469408249,34.5493392277588,30.3146064302326,34.074932833092
"LL0000008965","LL0000008965","ENSDARG00000070683","dkk3b",-1.33425234534898,0.396597545673202,7.61660614880161e-08,3.9084527239528e-06,74.9435335716236,64.4543983357893,129.277890397234,112.772323888827,37.2514260351579,30.4875629285046,28.3239640842916,30.351212367945
"LL0000006897","LL0000006897","ENSDARG00000096544","CR774189.1",-1.33646146590842,0.395990722108353,0.000163497287009886,0.00335408680233714,22.1494965614453,17.2762856594859,38.1566355539679,23.4977128009897,7.88879300753932,12.0851996879605,7.01507932388094,7.17642061110717
"LL0000009255","LL0000009255","ENSDARG00000111509","dtwd1",-1.33726877007538,0.395769195366451,2.11724647759402e-11,2.10854224207502e-09,91.066254280782,106.611603247291,114.586309984649,112.126446033827,49.9773186050065,35.9651617346593,19.5675054122912,38.1837833016083
"LL0000030058","LL0000030058","ENSDARG00000011785","tbx6",-1.34898278447769,0.392568743788767,0.000116098552213899,0.00250142145070475,45.9836377188844,75.3884952365086,44.3744606674087,55.3904985698189,10.0215418912585,25.630073611097,18.1223153684552,22.3575461475701
"LL0000000346","LL0000000346","ENSDARG00000104083","adgre5b.2",-1.35041294318653,0.392179779104429,0.000992496088099263,0.01489242595586,31.1697441951981,11.2942777114483,36.3434443805356,33.0430216884833,6.33125056815279,10.2729403414529,6.56956887061004,12.7502616984354
"LL0000003341","LL0000003341","ENSDARG00000104407","BX649453.1",-1.35335684704799,0.391380329198963,2.6216946359238e-05,0.000697967792726288,31.2005862926904,51.0666679052452,34.9475646663522,57.4519077984198,13.065813418737,14.7137306200919,14.9621620436489,16.1059382572134
"LL0000003862","LL0000003862","ENSDARG00000105682","BX957362.1",-1.35365715780446,0.391298868122882,0.000176769685395543,0.00355775454386284,14.3528412222143,20.1359059649502,22.3575461475701,18.5891301416767,9.79071366707904,4.93049562971208,2.01419994799342,8.01723351300679
"LL0000001881","LL0000001881","ENSDARG00000074919","BFSP1",-1.36047374430945,0.389454381929993,0.000307704814819262,0.00567092170368413,3466.89170951269,2965.19021071758,3278.01977636162,2781.98002901335,355.745421722027,1278.63002877434,1017.26834971444,1452.88727686262
"LL0000025684","LL0000025684","ENSDARG00000087714","si:ch211-226o13.1",-1.36349265399909,0.388640281723142,8.16485771301092e-07,3.22860086831104e-05,53.6386180533039,40.5335787074448,77.5603600901157,67.7622712427646,17.9757502927571,21.8420956396245,22.1461284281876,15.2327436747129
"LL0000027790","LL0000027790","ENSDARG00000043436","si:dkey-5n18.1",-1.364320152641,0.388417429988967,2.23895551013078e-07,1.01866793082752e-05,99.213264723459,68.68859727774,97.6591439300087,92.4789408831307,48.9187635307281,23.4977128009897,22.6802798966756,21.1490994539309
"LL0000010947","LL0000010947","ENSDARG00000029105","ftr51",-1.365506336831,0.388098204341571,9.61091323763387e-10,7.5343395348903e-08,269.969138656038,145.942670639477,241.472360765191,165.355441205765,87.1422502777299,74.4525123054035,47.7638485879906,68.4862689430193
"LL0000004333","LL0000004333","ENSDARG00000117812","CABZ01068177.1",-1.36617086125885,0.387919482336744,2.84454372646171e-15,4.8104991359012e-13,184.897627602788,179.617955790411,245.138204670539,172.440671322885,59.9436161616337,80.9966817440123,52.6316961355751,67.7427037373523
"LL0000013614","LL0000013614","ENSDARG00000088711","lgals1l1",-1.36749579339703,0.387563391104606,1.52131435140765e-08,9.52947307678037e-07,1400.78106093444,1176.9842403688,1020.04472437245,658.297621273248,482.740142273931,328.938607072855,257.588813678678,330.147513475601
"LL0000030101","LL0000030101","ENSDARG00000077387","tcte1",-1.37997430162201,0.384225639379476,4.95635021085255e-07,2.05983463399713e-05,32.3093551013608,41.4161632895814,44.3123988558552,34.0732424302788,15.3780441666582,8.0543623859801,12.1950251714018,14.6756290592184
"LL0000022147","LL0000022147","ENSDARG00000011929","plp1b",-1.39245123946677,0.380917047482505,9.23639408622116e-06,0.000277804698640269,51.3465602106231,28.455058733271,55.76739042503,39.1628546683162,19.7219825188483,9.06389976597037,10.0215418912585,18.4536529999899
"LL0000027597","LL0000027597","ENSDARG00000097118","si:dkey-33c14.3",-1.39317309708643,0.380726501950508,4.19509075826334e-19,1.11684945939547e-16,1334.19211740009,1217.58386856202,1432.07833626084,958.564753055029,476.214176071073,382.110788703925,367.869101751075,363.235477048632
"LL0000021294","LL0000021294","ENSDARG00000042496","parp12a",-1.39322953654845,0.380711607895958,1.26631512001663e-07,6.11309645639627e-06,64.1378681040543,85.0918443888421,58.3941272983557,67.0726384427102,19.5675054122912,28.3930696345292,13.8053877631938,26.1845993239144
"LL0000019918","LL0000019918","ENSDARG00000101645","myrfl",-1.3964960259825,0.379850591791554,3.42052446927871e-06,0.000114396122455765,48.0234505370227,34.5134694079845,51.9562876584902,29.2929669481485,12.3024353333266,11.0747482807226,12.1950251714018,17.6107548710621
"LL0000023076","LL0000023076","ENSDARG00000101170","rab42b",-1.41901972334139,0.37396632699525,2.11740925125309e-15,3.67322692625448e-13,134.910569965167,148.819957175007,135.01578734481,168.997508607451,53.2493528008904,51.3721696735721,34.0732424302788,52.2853501666379
"LL0000012709","LL0000012709","ENSDARG00000101756","im:7141269",-1.42142404654356,0.373343612506058,2.61733713076447e-08,1.53328056882627e-06,93.9440692794753,79.4201014287545,133.704764482186,117.508145432283,43.9800210170317,44.9871558384329,25.6751903254042,22.0111072172101
"LL0000004096","LL0000004096","ENSDARG00000076361","CABZ01039859.1",-1.42254219142603,0.373054368758208,4.48002212743819e-08,2.48359956827309e-06,83.0414384999544,97.6591439300087,176.827864985327,131.102286262351,47.9744969686873,42.4022624155239,31.2200991938979,31.0667798629013
"LL0000007886","LL0000007886","ENSDARG00000097466","CU207343.2",-1.43377133306498,0.370161990467359,2.98150063697717e-09,2.10972554283366e-07,42.9468136452868,47.2066068071526,48.9437776217281,43.2207246900561,18.5104975220595,12.3565611519217,15.5728327261026,12.2526987796722
"LL0000008306","LL0000008306","ENSDARG00000095351","CU914776.1",-1.43899979968499,0.368822915480951,8.11605299907964e-06,0.000246869399425625,69.421378466346,73.0147481147613,52.1821686277829,42.0333207221991,17.9813640267006,13.9937913841836,15.184384199938,26.9146718708003
"LL0000003212","LL0000003212","ENSDARG00000097533","BX571880.1",-1.44606313386288,0.367021597403294,0.00447649188769804,0.0487716330503698,57.913601666598,11.329874707463,38.7432809516053,34.43656690387,12.1721551558124,8.86171829121868,4.76468756789292,18.5338209717806
"LL0000025467","LL0000025467","ENSDARG00000017504","si:ch211-1o7.3",-1.44776865999482,0.366587967944829,0.00130417839915487,0.0183602371596206,24.1630871579403,24.3900503428037,11.7405032473747,18.6023559674502,11.833189511309,3.02129992199012,4.00861675650339,6.15121766666329
"LL0000026736","LL0000026736","ENSDARG00000078002","si:dkey-13n15.11",-1.45477728592948,0.36481139897326,1.07418503396132e-06,4.16192527063199e-05,69.1051426379438,72.3997700254776,58.7442820024743,70.0130379419115,11.0780997139638,31.0667798629013,17.428450055546,26.1766777544353
"LL0000012896","LL0000012896","ENSDARG00000086374","isg15",-1.45756601527362,0.364106899699877,6.96562663633363e-05,0.00161743294148856,32.8064942222042,17.1155200702077,46.7475964903737,24.4593817653641,11.7488564004949,9.86099125942415,5.03549986998354,10.0215418912585
"LL0000003917","LL0000003917","ENSDARG00000052207","c3a.3",-1.4650652557062,0.362219154440654,4.91811111766456e-12,5.46459048937531e-10,1451.10924431234,1042.14954911554,1064.8269792385,1780.41269989881,413.34398432924,541.465628644139,288.848155971052,382.023233136171
"LL0000024565","LL0000024565","ENSDARG00000057678","sfrp1b",-1.46610917607267,0.361957150919579,1.22210030945312e-18,3.12962430675095e-16,159.073657123107,151.421562544906,211.329058452745,184.065416941086,69.0269388159691,54.3833985958222,41.0883217541598,56.3861619444135
"LL0000002833","LL0000002833","ENSDARG00000097932","BX510649.1",-1.46655153730746,0.361846184109047,8.49612197248099e-06,0.000256399802152684,24.461342254431,39.2146768667406,38.4956294577252,37.0119364873489,7.47031452798131,8.66781131703383,9.79908274698797,16.3651779084251
"LL0000027779","LL0000027779","ENSDARG00000093350","si:dkey-58f10.7",-1.46677687615798,0.361789670685641,8.00273690151927e-06,0.000243974594722167,22.1494965614453,42.6825880999065,42.0701366364262,38.1837833016083,15.7775860150786,9.06389976597037,10.0215418912585,10.2520294444388
"LL0000020513","LL0000020513","ENSDARG00000096979","NPC2 (1 of many)",-1.47186408264623,0.360516180757963,1.60553436295031e-05,0.000456838237940433,36.2683712816818,70.8162319539827,104.437758428561,66.8815092731214,28.1404896306538,15.4703124316582,17.1356559761727,26.5953173946322
"LL0000009789","LL0000009789","ENSDARG00000013997","ern1",-1.47789162849814,0.359013094773589,1.34021858648794e-18,3.36795678243683e-16,1209.6001062749,1793.07994983235,1307.82709242352,1260.15260104486,444.182372859011,457.226328252591,326.398810686939,458.230488168502
"LL0000005193","LL0000005193","ENSDARG00000038541","ccr12a",-1.48325802328364,0.357680153864826,5.80833173553445e-05,0.00138703580849721,20.5040588888776,26.1766777544353,25.4063024404205,20.5458806829058,9.79071366707904,1.97219825188483,5.03549986998354,11.0236960803843
"LL0000026664","LL0000026664","ENSDARG00000095150","si:dkey-114c15.5",-1.48862973408992,0.356350848809653,3.71236774699806e-06,0.000123076831473204,20.7417053123593,24.5376517870132,20.070963017512,24.0805406555138,7.87552179665426,5.45171878884462,4.81845383888624,9.46387580352661
"LL0000009700","LL0000009700","ENSDARG00000055539","epdl2",-1.48981943849975,0.356057108685586,7.49846625256303e-15,1.1860368180304e-12,566.052418372569,499.949763284041,500.305468387739,371.759370480291,123.873296801595,175.376983097023,127.125165111041,174.17558659682
"LL0000025039","LL0000025039","ENSDARG00000094946","si:ch211-132b12.2",-1.49099955474863,0.35576597510681,3.59612177577069e-05,0.000914162928858766,52.8549131505135,27.6549652859496,52.0218239575228,36.0358834972024,19.2801299614399,17.1848229707004,3.49279971609399,11.7488564004949
"LL0000026959","LL0000026959","ENSDARG00000103371","si:dkey-190j3.6",-1.49525591507182,0.354717911190082,3.40341557137545e-05,0.000877415544570609,17.2708189087274,13.8546927194909,22.3979034216868,19.9228252798219,2.45023503722088,7.33953772422436,4.14630855827663,8.11073099339472
"LL0000021373","LL0000021373","ENSDARG00000099447","pcdh1g18",-1.50235857890479,0.352975858764035,2.5536995586132e-06,8.86018418471616e-05,245.179051650993,233.794241769687,196.716837920777,242.521313768455,32.1298602788712,78.7414602759379,81.0054547010368,81.9291451612634
"LL0000039532","LL0000039532","ENSDARG00000098800","znf1156",-1.50404455222843,0.352563602347703,2.3490078462292e-07,1.0633412790784e-05,121.60138930853,143.169591191588,166.483670518209,158.393051934558,29.4784469036168,38.9670403949746,28.340488879585,77.2546390052875
"LL0000027512","LL0000027512","ENSDARG00000068290","si:dkey-286h2.3",-1.50795144647083,0.35161013312742,2.59673829088084e-08,1.52453484505447e-06,52.5583195374143,34.3947771124487,62.7060434186782,45.1482918342724,21.0552595135341,15.7163611383247,9.82632211089572,13.1909522270663
"LL0000038718","LL0000038718","ENSDARG00000054054","zgc:153219",-1.51135819967174,0.35078082704674,4.70878829509205e-06,0.000153286450928245,36.2700373639443,34.9964834298829,74.2429817374604,55.9315424234538,17.3221195527434,20.9049363851652,7.94532281944008,15.2227449095024
"LL0000039473","LL0000039473","ENSDARG00000112541","znf1093",-1.51708629889493,0.349390842533647,1.96351748109295e-10,1.69221222913809e-08,95.0295900347924,96.3014596293895,104.053179769444,114.748971037185,18.5298309569369,37.8812487972014,28.6533941881242,39.6643193699845
"LL0000002915","LL0000002915","ENSDARG00000101943","BX511111.2",-1.51809297581007,0.349147131283478,0.00220135767326797,0.0280133963447716,13.8576956421947,13.9900724801968,24.0000009294313,16.3100838316097,5.67068670470186,10.9773705362954,0,3.25412711560997
"LL0000002678","LL0000002678","ENSDARG00000094081","BX323880.1",-1.5182336630801,0.34911308516813,0.00229462533122108,0.0289536276542485,13.5531829255481,37.1406785523507,33.8818449345448,53.145344699783,6.20731246492811,11.8923554588655,5.41819786010229,17.447504432681
"LL0000007340","LL0000007340","ENSDARG00000059826","crtac1a",-1.51863846930833,0.349015141166016,1.40797627925137e-21,4.73238427159876e-19,478.227766667568,448.167175049018,686.819439971423,434.707686818309,168.622950536153,150.057896125509,130.28004458636,165.057674055465
"LL0000029090","LL0000029090","ENSDARG00000069878","snu13a",-1.51951709331059,0.348802650159833,7.7305227496302e-16,1.45360857492872e-13,438.962750035915,388.208301289625,293.512581184369,355.402906114969,144.956571513535,109.773897165641,77.1658725626903,118.92354155549
"LL0000011195","LL0000011195","ENSDARG00000068857","gbp4",-1.53186880409587,0.345829104854535,5.91501389019531e-05,0.00140875826832118,37.2047119349004,64.096443186257,108.766797191644,118.25419431685,27.6804794999848,32.2174495439204,22.3575461475701,14.6756290592184
"LL0000025233","LL0000025233","ENSDARG00000093044","si:ch211-161h7.5",-1.53799642962137,0.344363363824452,0.000596027521480067,0.00984433908174295,48.3188571711784,50.3549986998354,23.0495463498945,45.1089295555308,5.03397649123756,17.2762856594859,15.654004329833,9.79071366707904
"LL0000018924","LL0000018924","ENSDARG00000111491","MFAP4 (1 of many)",-1.54054693808442,0.343755109313804,4.06962924431689e-06,0.000134103260723575,272.428594102625,210.529715983201,372.055200218073,372.496067382162,157.127755313042,89.6027373443952,30.6569168316367,102.854874799798
"LL0000021142","LL0000021142","ENSDARG00000094793","ovch2",-1.54559376809068,0.342554687448644,0.00328348890657612,0.038166899310048,11.2772323888827,6.04077178948507,6.09751258570092,7.8270021649165,2.75119054044921,1.97219825188483,1.00709997399671,3.00646256737754
"LL0000024780","LL0000024780","ENSDARG00000090108","si:ch1073-174d20.1",-1.56094251624031,0.338929585980655,1.60717328062578e-26,9.64463000408485e-24,787.355861332901,780.266356141822,851.304219652634,592.895413992425,260.432983544303,220.886204211101,154.086296021496,231.497617688071
"LL0000008305","LL0000008305","ENSDARG00000105313","CU914760.1",-1.5670807138942,0.337490614297332,0.00279889029052806,0.0336270921652039,10.7697850337869,3.94439650376966,11.0780997139638,10.0215418912585,3.07560883333164,2.01359059649502,4.06500839046728,0.978375270614562
"LL0000025421","LL0000025421","ENSDARG00000094747","si:ch211-197g15.6",-1.56758559221817,0.337372528437438,2.23810154917496e-05,0.00060849658802594,38.293608091854,56.6392785640523,57.1838883134007,85.2409417990814,10.2420158128662,22.8517736316541,10.0679529824751,27.1136059644168
"LL0000002384","LL0000002384","ENSDARG00000110543","BX119963.3",-1.57309355022374,0.336086954584265,0.00262792260217432,0.032046354126923,11.7488564004949,7.88879300753932,9.06389976597037,7.01507932388094,0,2.01359059649502,3.04875629285046,4.89187635307281
"LL0000001440","LL0000001440","ENSDARG00000012829","asah2",-1.57507079072239,0.335626656631456,0.000117336671558033,0.00252607346799356,10.8470903853666,14.0993996359539,17.0366212151394,15.3780441666582,4.02718119299005,5.0812604880841,5.87025162368737,0.979071366707904
"LL0000022631","LL0000022631","ENSDARG00000044048","prnpb",-1.5750715035971,0.335626490789271,2.51326590686771e-07,1.13429927037652e-05,33.2884264680687,23.666379022618,49.3478987258387,45.0969385106632,11.2772323888827,10.0679529824751,10.1625209761682,11.7405032473747
"LL0000006652","LL0000006652","ENSDARG00000100484","CR450808.1",-1.57718981543203,0.335134051396547,1.70117350651125e-08,1.05155987164554e-06,40.430064163639,31.2200991938979,54.1163262127958,54.3357560555257,18.1223153684552,11.178773073785,8.80537743553106,12.7279277672028
"LL0000038722","LL0000038722","ENSDARG00000098911","zgc:153293",-1.59594161443147,0.33080624736623,2.5339105897418e-08,1.50075598783188e-06,56.7400125349745,90.2840708983477,120.830419032156,75.479443509616,31.3005646065981,26.9640224581373,12.1600663745122,25.480801414352
"LL0000025491","LL0000025491","ENSDARG00000102713","si:ch211-205a14.1",-1.61121309915482,0.327323003620769,4.74915845349846e-08,2.6168057716418e-06,76.3817573768789,62.0927060766153,71.3344107706743,51.7750096631707,10.973588370928,19.5711242094337,15.4543078280993,28.7294467996275
"LL0000026004","LL0000026004","ENSDARG00000092354","si:ch211-284e13.6",-1.64191351148733,0.320431190079775,7.39970112853594e-34,7.65271398635396e-31,618.19737549966,560.784981123864,608.735006472475,561.587405332759,187.981702407918,167.636851410211,147.036596203519,131.282198775486
"LL0000039464","LL0000039464","ENSDARG00000104006","znf1082",-1.64667970322591,0.319374337121218,0.00196213752911351,0.0255840365490396,15.8636952437986,23.5690602691048,29.3036060055676,25.7864921433942,11.0780997139638,11.3544069627959,3.97778742444226,0
"LL0000026001","LL0000026001","ENSDARG00000097952","si:ch211-284e13.14",-1.64699558894128,0.319304416074731,6.57426923848558e-05,0.00154254385299859,20.7869695748661,34.3219671138078,19.3014896825638,31.330201982205,11.6687575066887,8.62798030876681,5.8115491074505,2.69244625844674
"LL0000001880","LL0000001880","ENSDARG00000005616","bfb",-1.65098572812468,0.318422518814041,8.00992665421195e-05,0.00182679319597205,20.5458806829058,18.6023559674502,14.7914868891362,12.0851996879605,7.01507932388094,4.10081177777552,5.03397649123756,2.03250419523364
"LL0000008303","LL0000008303","ENSDARG00000103634","CU914622.2",-1.66049006585687,0.316331676239373,2.16956715651476e-05,0.000595888572742854,24.4398142599518,17.6232846007423,28.59687465233,15.3280616042299,8.01723351300679,8.30414384999544,5.17492783299221,2.03250419523364
"LL0000006579","LL0000006579","ENSDARG00000094958","CR392341.3",-1.66444994179457,0.315464606880481,0.000733370797173493,0.0115997690383518,15.7519075130607,16.6225958477414,13.990929830256,5.91659475565449,4.02839989598683,5.01077094562924,3.07560883333164,2.01359059649502
"LL0000020812","LL0000020812","ENSDARG00000058775","oct2",-1.68211731542661,0.311624957176306,1.47310018792369e-08,9.25471751240189e-07,55.1184804019217,60.486973722189,55.3737414036132,68.088890540327,9.78375270614562,21.5395700675739,18.7358833929059,11.0780997139638
"LL0000031070","LL0000031070","ENSDARG00000061762","trim108",-1.69422411605867,0.309020806536186,0.00337413803877166,0.0389053163484267,4.02839989598683,11.86550559925,11.2772323888827,6.04077178948507,3.04875629285046,2.37745190759339,1.50776990473017,1.41012175009765
"LL0000026258","LL0000026258","ENSDARG00000102946","si:ch73-167f10.1",-1.69528131009482,0.308794441799273,0.000851389997174832,0.0131948274547747,6.04259984398025,13.028004458636,11.2772323888827,9.06115768422761,4.06500839046728,1.95675054122912,2.93721410012371,0.986099125942415
"LL0000010975","LL0000010975","ENSDARG00000102557","ftr87",-1.7050009015431,0.306721052642774,2.74755449002787e-06,9.41133664743432e-05,29.7308853888726,32.2174495439204,68.088890540327,50.8755140719572,13.7069991339107,9.86099125942415,14.0993996359539,8.01723351300679
"LL0000002718","LL0000002718","ENSDARG00000104053","BX324181.1",-1.70675841500304,0.30634762780455,0.00257362893180985,0.0315560001584291,6.00290359286383,5.96668113666339,9.27258469685959,11.6564115596649,2.51442444547942,0,0.986099125942415,4.66287287960476
"LL0000028347","LL0000028347","ENSDARG00000071662","si:rp71-36a1.3",-1.71429394669291,0.304751674550869,0.00199788604323888,0.0258897146104339,15.4916172685553,27.4132612921904,15.0323128368877,9.64715970721692,4.02718119299005,2.03250419523364,7.8270021649165,2.93721410012371
"LL0000008597","LL0000008597","ENSDARG00000068283","cyp2x10.2",-1.71623241955233,0.304342470852722,5.97408936586953e-13,7.40264004418737e-11,110.05588515836,89.0614427876141,153.093555693805,143.136087551849,29.4611483099116,44.6823986089671,20.7954758288759,30.5887948867337
"LL0000038992","LL0000038992","ENSDARG00000034403","zgc:173443",-1.7317039526989,0.301096125204169,1.41025600936653e-07,6.72347053827244e-06,49.0682925068946,62.5207663857156,70.4313964117646,118.072623111602,26.3276970491724,14.9287433139911,13.5504974980117,21.549360781241
"LL0000003255","LL0000003255","ENSDARG00000103480","BX640512.3",-1.73630433932688,0.300137535595354,2.16384011719008e-06,7.65572327777949e-05,16.6442132340344,14.7914868891362,17.120699557944,21.0452379716428,3.07560883333164,6.04077178948507,2.71339310063691,5.87025162368737
"LL0000030171","LL0000030171","ENSDARG00000051857","tes",-1.73756238197476,0.299875927127806,1.53244500366046e-17,3.40544741350629e-15,662.471306246863,621.946283741494,840.424357457909,685.349956695533,124.248489868744,244.7252936812,151.325282558003,202.990182999888
"LL0000024916","LL0000024916","ENSDARG00000105279","si:ch211-108c17.2",-1.76229799891994,0.294778253231967,2.31161179615252e-15,3.95904010106657e-13,308.501290330184,221.074314602645,347.343556121956,287.62775257346,100.726517549039,93.8573295638373,60.5990090015178,45.5585815361621
"LL0000030267","LL0000030267","ENSDARG00000078644","theg",-1.78285542320098,0.29060764808476,0.000152891448775907,0.00316969789216297,10.7621279767602,10.7697850337869,28.59687465233,23.1632994019243,5.01077094562924,6.15121766666329,2.01359059649502,5.0812604880841
"LL0000028195","LL0000028195","ENSDARG00000114142","si:dkeyp-4f2.1",-1.79738037200966,0.287696510557448,1.9589547357969e-05,0.00054415634184755,78.7900251282321,60.2385654117386,100.609373642904,83.0788513606485,6.5763628301985,29.9844533386454,27.8137558827625,13.2292902189723
"LL0000030341","LL0000030341","ENSDARG00000074371","tirap",-1.7980238227803,0.287568224772634,2.80343746310222e-05,0.000739035587699564,11.0747482807226,11.178773073785,11.7405032473747,11.7488564004949,2.95829737782725,3.02129992199012,1.00215418912585,4.10081177777552
"LL0000025519","LL0000025519","ENSDARG00000077309","si:ch211-209f23.6",-1.80169879964519,0.286836634461618,2.17035585464411e-07,9.92494873733426e-06,57.3873320001082,62.9873050102905,40.1036023424909,43.108512276149,7.88879300753932,11.0780997139638,10.0215418912585,21.5292618333215
"LL0000018677","LL0000018677","ENSDARG00000059294","marco",-1.80469809299744,0.286240934374368,9.59939666534049e-12,1.00827412864977e-09,77.5232379650584,79.267663614112,75.3348958373213,49.9326397021031,14.7914868891362,17.120699557944,15.0323128368877,22.5544647777654
"LL0000027421","LL0000027421","ENSDARG00000104141","si:dkey-262j3.7",-1.82413283059048,0.282410800558504,1.9642499534515e-08,1.20311428242272e-06,1284.93898970573,1303.37196800731,1051.02332144727,1168.35982739035,131.758889597989,433.742354595558,263.692449340411,346.236903067319
"LL0000022218","LL0000022218","ENSDARG00000029230","pnp4b",-1.82813933728663,0.281627605865306,1.52100036168182e-10,1.33654178840727e-08,78.1680267518162,90.2178591110615,121.822231087949,123.982755909252,27.3945075772077,19.5814273341581,11.833189511309,39.2768989858716
"LL0000004815","LL0000004815","ENSDARG00000041980","calhm6",-1.83096036242893,0.281077453349022,0.000175557293447646,0.00354396401164696,11.2772323888827,25.1698824561878,26.4225545380373,12.7188785179893,6.85349956695533,5.91659475565449,1.00709997399671,4.00861675650339
"LL0000027546","LL0000027546","","si:dkey-29j8.3",-1.83576242128724,0.280143432934497,0.00376764308206443,0.0423883493027742,46.0407489888587,20.1929291796462,50.6700552651282,45.2233064282381,16.7636851410211,0,5.59202037532223,16.9773607599907
"LL0000007302","LL0000007302","ENSDARG00000102899","cremb",-1.84088174225429,0.27915112158171,2.16860698844242e-06,7.66250634851882e-05,24.1630871579403,27.4388066356542,15.654004329833,21.5395700675739,5.91659475565449,3.02129992199012,6.01292513475509,6.15121766666329
"LL0000039486","LL0000039486","ENSDARG00000101843","znf1106",-1.85045876107491,0.277304174333383,3.40322016932483e-05,0.000877415544570609,24.0205049883201,20.21644958881,14.8677681881341,30.3785521525822,2.96658624112495,4.79244175208014,3.16229391834966,9.94136955612841
"LL0000022606","LL0000022606","ENSDARG00000054741","prkg2",-1.86839012059651,0.273878871740449,4.30132220638378e-07,1.82426266257813e-05,44.3123988558552,60.1292513475509,63.5625825555206,63.4281037895933,4.06500839046728,20.5458806829058,10.7697850337869,16.7636851410211
"LL0000005886","LL0000005886","ENSDARG00000101225","cngb3.1",-1.87132703563902,0.273321899692873,0.00178010610220256,0.023648850287611,4.02839989598683,7.01507932388094,7.17642061110717,9.06115768422761,1.01625209761682,1.95675054122912,0,2.95829737782725
"LL0000004011","LL0000004011","ENSDARG00000091235","CABZ01015525.1",-1.87470085472052,0.27268346868746,0.00199782933700566,0.0258897146104339,43.1319757687212,26.003321328595,73.277514308882,45.9906040877525,11.950660190198,0.050812604880841,14.3527652199156,14.6273262186161
"LL0000025038","LL0000025038","ENSDARG00000061480","si:ch211-132b12.1",-1.88757712011282,0.270260557135222,1.05559399590813e-09,8.20342975606179e-08,26.8265554477966,34.059863810051,31.2200991938979,28.0603172955238,9.22682649999493,6.04077178948507,7.78449106774485,4.89187635307281
"LL0000040275","LL0000040275","","zgc:113516",-1.89910815346614,0.2681090543153,4.20377528470042e-05,0.00104662327435472,14.6756290592184,13.7069991339107,14.7914868891362,19.1348995059375,2.0043083782517,0,5.03397649123756,7.11376468331774
"LL0000012141","LL0000012141","ENSDARG00000035519","histh1l",-1.91344708700795,0.265457519360594,4.88345261761107e-19,1.28736428857788e-16,9381.16536440707,7185.64743760716,11195.5637165123,8466.39622524573,1484.19528552229,2017.86608678499,1500.84286968436,2989.07272282223
"LL0000004229","LL0000004229","ENSDARG00000117107","CABZ01058647.1",-1.92711291172317,0.262954863979756,0.00245327922064685,0.0305078846374966,15.3780441666582,9.06115768422761,4.06500839046728,7.99332596092097,3.91628546683162,1.97219825188483,0,2.0043083782517
"LL0000027718","LL0000027718","ENSDARG00000112719","si:dkey-4j21.2",-1.93604049882251,0.261332688909947,1.91174946441518e-07,8.90901756475904e-06,31.3006671918177,23.5205588187837,25.2610005510972,26.1565418484704,3.18086906554065,4.38312121235324,3.74005262082419,11.6063867123422
"LL0000005857","LL0000005857","ENSDARG00000110362","CMKLR1 (1 of many)",-1.94068650895023,0.260492454924525,1.9444463321754e-07,9.04571235741596e-06,33.2884264680687,31.5551720301573,35.2484990898848,26.0560089172721,2.05040588888776,12.0815435789701,4.06500839046728,9.78375270614562
"LL0000020983","LL0000020983","ENSDARG00000044748","or115-12",-1.9476674411914,0.259235025204239,0.00239730721960593,0.0299680120074308,4.89187635307281,4.89535683353952,4.93049562971208,9.06389976597037,1.00215418912585,1.02520294444388,0,3.04875629285046
"LL0000006003","LL0000006003","ENSDARG00000076321","col28a2a",-1.95116376672254,0.258607538023141,3.85398651845235e-12,4.37256723606183e-10,1546.00604022137,1363.20083382713,3863.79047513915,2315.81426554467,422.958830417815,503.896653356574,430.031688896594,577.240812936489
"LL0000025381","LL0000025381","ENSDARG00000074322","si:ch211-194m7.3",-1.96491441280361,0.256154401545363,3.27563437836369e-20,9.678959648332e-18,185.205685217995,170.33614752572,323.554049266489,204.19822239056,53.8613611736915,52.5094007738835,38.1152483059387,43.0530878386458
"LL0000002400","LL0000002400","ENSDARG00000105408","BX248082.1",-1.96676954963099,0.255825228674764,0.00166785628075552,0.0224571795359215,84.8765517705089,77.915888131375,32.8452677949756,10.008779018387,10.6033429014466,13.1052573837747,5.07578386894341,16.6056949138153
"LL0000028047","LL0000028047","ENSDARG00000093484","si:dkey-95p16.2",-1.96885681947392,0.255455372134418,3.18512824195851e-11,3.04786168320364e-09,28.1874646475206,34.5726353555411,45.0677238363527,35.165590496426,8.07859920221778,10.5210108666865,4.19712116315747,8.46294609081596
"LL0000026611","LL0000026611","ENSDARG00000091926","si:dkey-103e21.5",-1.96920528175568,0.255393678006507,1.17924976888823e-10,1.0676379473278e-08,74.9435335716236,50.3549986998354,107.230498236466,94.318670888837,15.1019294737127,19.3087898547196,21.5242559535204,12.7279277672028
"LL0000025761","LL0000025761","ENSDARG00000055746","si:ch211-238g23.1",-1.98361508387676,0.252855473945888,9.74842359303713e-06,0.000290282792904956,43.0482716371986,34.7344377895392,23.0587600949257,22.8254950634377,8.13608305734268,7.14921866308251,9.10418376493024,1.50323128368877
"LL0000011819","LL0000011819","ENSDARG00000103019","gstp2",-1.99951473566603,0.250084104045038,0.000723506027882162,0.011497844907638,5.16485988000974,8.24180451167241,11.0360730525323,15.0189547652993,2.01164221692253,0,2.04439454581673,4.16232395444216
"LL0000027774","LL0000027774","ENSDARG00000092680","si:dkey-58f10.12",-2.00766568479684,0.248675160897694,2.08954570014449e-05,0.000575674122245749,34.1104761192685,65.1400222931801,49.2097413333063,38.2582213334055,2.03250419523364,15.0669791674643,11.7488564004949,8.87489213348174
"LL0000003288","LL0000003288","ENSDARG00000096046","BX649307.1",-2.03030439396309,0.244803417919008,4.71129635689542e-07,1.97940699594627e-05,34.8595108919968,18.8764959501284,31.1410103972615,20.8973244604317,7.92703963598546,1.5583084755547,5.70852934106339,7.02230199453223
"LL0000038894","LL0000038894","ENSDARG00000074362","zgc:165582",-2.03516769209024,0.243979579506323,1.50956400136747e-12,1.78813508514405e-10,59.0059874764671,59.1270971584251,57.4113648888573,42.1343832316584,10.1625209761682,8.29662229481149,12.7279277672028,12.8192886372514
"LL0000007165","LL0000007165","ENSDARG00000098712","CR925761.1",-2.0362018787945,0.243804746977931,0.000363682219150824,0.00652807155590555,11.0364977801187,19.2544253256946,59.5960740915101,49.8867547814268,6.6065758294184,7.33576866440121,3.60871436444246,11.6687575066887
"LL0000032314","LL0000032314","","mgarp",-2.03736978479766,0.243607459403418,8.00532774569634e-05,0.00182679319597205,56.3975985438156,72.1551016170611,38.9577118888675,20.1359059649502,14.2275293666355,14.6756290592184,6.74580171661746,3.5499568533927
"LL0000004280","LL0000004280","ENSDARG00000109948","CABZ01064441.1",-2.03811004968947,0.243482493428938,1.1384142953528e-07,5.56560399777119e-06,31.6460903197878,49.2416273700309,57.3637913754161,48.9105166467438,12.2060516848401,4.3693922645887,5.35155936999706,17.8706165438933
"LL0000011035","LL0000011035","ENSDARG00000078859","g0s2",-2.07747307531853,0.236929036947259,3.376471691267e-12,3.86340201304163e-10,25.4558555344055,30.5690729042149,35.2484990898848,33.071088241153,6.15121766666329,7.04756708773258,5.0812604880841,6.84862689430194
"LL0000000253","LL0000000253","ENSDARG00000060126","acyp1",-2.09332327582246,0.234340257798813,1.16787804053177e-25,6.28061452637178e-23,145.578818111031,117.795049894959,168.697848204392,134.037412074195,29.3721410012371,20.7080816447907,23.1632994019243,38.0818591867822
"LL0000027802","LL0000027802","ENSDARG00000090975","si:dkey-62k3.5",-2.09649365110734,0.233825851904275,0.00245565055616656,0.0305129333663414,43.3732333053667,60.1794128388558,22.270311997235,25.1115893321116,8.35532481104836,16.9085625030455,4.59522192689166,0
"LL0000028825","LL0000028825","ENSDARG00000005518","slc5a9",-2.09837261377949,0.233521515883846,1.07151755984397e-26,6.86000849205823e-24,208.469694617319,186.400679177408,274.75438911096,267.807549333838,58.9426216617756,44.0268871776553,25.4558555344055,56.2076501787177
"LL0000002902","LL0000002902","ENSDARG00000113678","BX511082.1",-2.10212996027058,0.232914125105232,2.56936108408352e-08,1.51176258621273e-06,18.6023559674502,15.7775860150786,21.1490994539309,26.0560089172721,3.07560883333164,5.03397649123756,2.03250419523364,5.87025162368737
"LL0000002782","LL0000002782","ENSDARG00000117423","BX470116.1",-2.10521003935986,0.232417395961996,0.00351734089927491,0.0401774763978772,2.40922691944312,4.68159813685093,7.88611627750653,4.62771503000688,1.13572278538117,1.1833189511309,1.15816497009621,0
"LL0000021265","LL0000021265","ENSDARG00000017703","paqr3a",-2.10985781724984,0.231669846238512,5.61981388616796e-30,4.87455405113453e-27,249.485694006713,231.060842543065,322.45441418317,266.881493109128,66.142176482306,68.68859727774,45.305788421138,36.5850755142055
"LL0000010818","LL0000010818","ENSDARG00000098843","FQ311879.1",-2.11250421492911,0.231245273781723,0.00247739028742164,0.0307262672686719,6.04259984398025,5.01077094562924,8.20162355555105,3.02038589474254,0,2.93512581184369,0,0.986099125942415
"LL0000012990","LL0000012990","ENSDARG00000092521","jac1",-2.13690618159051,0.227366848127846,1.45602319220069e-18,3.625093297693e-16,175.156509175416,185.561732944342,358.459397988044,211.980025041893,50.2787051568823,42.1000687684399,33.4583433432261,49.2774017276589
"LL0000006184","LL0000006184","ENSDARG00000096215","CR293502.1",-2.14214623434768,0.226542520616854,3.86721111078908e-07,1.66376703292812e-05,18.3414437425289,15.9726055875878,13.609253888329,15.2550198133249,1.00679529824751,4.64427208610887,2.11329058452745,4.04356474450364
"LL0000027002","LL0000027002","ENSDARG00000093852","si:dkey-19a16.1",-2.1433127996061,0.226359412053934,0.00229080621687214,0.028932591998814,2.01419994799342,8.01723351300679,10.2520294444388,7.83286742036564,0,2.93512581184369,0.979071366707904,0.986099125942415
"LL0000005026","LL0000005026","ENSDARG00000056477","ccdc125",-2.14760320389061,0.22568724592255,5.61141557154617e-09,3.8006386222495e-07,61.4330984137992,26.0560089172721,43.058523666643,49.3329696141281,12.1950251714018,4.89187635307281,6.85349956695533,9.86099125942415
"LL0000005154","LL0000005154","","ccl39.9",-2.15378789005901,0.224721818591619,6.23472936409342e-05,0.00147541006169414,27.6107755263876,19.1348995059375,17.0366212151394,29.7308853888726,0,3.04875629285046,7.8270021649165,5.87442820024743
"LL0000000573","LL0000000573","ENSDARG00000100324","AL627305.1",-2.15471639275035,0.224577236626698,4.62528898494108e-10,3.80334542862632e-08,32.8064942222042,41.5101701467449,48.7801006856074,32.4820589844035,5.87442820024743,9.86099125942415,10.1112837389269,3.0164841092688
"LL0000026638","LL0000026638","ENSDARG00000028912","si:dkey-10h3.2",-2.16690575945437,0.22268777121376,0.00347416204531664,0.0397518056325613,4.29506743799793,2.16374772042447,6.92241586411575,5.03549986998354,2.19471767418561,0,0,1.01625209761682
"LL0000038799","LL0000038799","ENSDARG00000101671","zgc:158417",-2.17835568535265,0.220927408099855,1.63163197214292e-07,7.68352926426462e-06,51.2771545490056,50.3549986998354,43.0926301324115,67.6633943332962,3.02038589474254,7.11376468331774,10.7621279767602,17.6232846007423
"LL0000025639","LL0000025639","ENSDARG00000092578","si:ch211-222e20.4",-2.18982979363448,0.219177286915351,3.61099068973985e-08,2.04843731342647e-06,148.094051176216,83.0384961109678,144.430590813254,159.989840844512,8.1503418228869,27.883695212515,32.0450058323497,25.4314964580549
"LL0000027443","LL0000027443","ENSDARG00000035665","si:dkey-267n13.1",-2.19549404699653,0.218318448617101,4.42330649671793e-06,0.000144870022399815,37.2964519825373,43.2637544665759,91.6312892101928,25.1356667202722,6.5159368317587,15.7939500206234,7.39171322944038,7.00729527580268
"LL0000000813","LL0000000813","ENSDARG00000117322","AL954138.1",-2.21144897484012,0.215917341697803,0.000129385542499503,0.0027372524408097,10.0679529824751,5.09142300906027,12.7188785179893,6.85349956695533,0.986099125942415,3.03137092173009,1.07230498236466,1.02520294444388
"LL0000025015","LL0000025015","ENSDARG00000103324","si:ch211-127b6.2",-2.22011176256691,0.214624731936392,1.4438839143549e-06,5.39980453033225e-05,16.4023088555355,10.8012629875848,20.5017544188635,24.2876214719617,3.28314591522927,5.59202037532223,0,4.23860820562203
"LL0000025410","LL0000025410","ENSDARG00000094782","si:ch211-196h16.4",-2.2282729528016,0.213414047594604,9.55040487369783e-12,1.00706210450534e-09,88.3007296049515,70.4253311124135,121.960414234995,49.4177349187415,20.1003351585133,12.5333198907281,8.50999478027218,17.7982583988751
"LL0000027688","LL0000027688","ENSDARG00000113005","si:dkey-47k16.4",-2.24315159112911,0.211224400540821,0.00043705178272585,0.00762119674819416,5.91167684736068,14.2907187369346,5.96668113666339,12.4540578393217,1.90039142254345,1.51648166945257,0,3.23440513309112
"LL0000003630","LL0000003630","ENSDARG00000087612","BX908782.1",-2.24918904806193,0.210342305902712,0.00461416094560513,0.0499477349703609,2.62564397550972,3.07560883333164,6.04077178948507,8.29261711655326,0.244593817653641,0,0,2.96087392355032
"LL0000002736","LL0000002736","ENSDARG00000110949","BX324227.3",-2.25072061210173,0.210119125144069,0.00144670048001633,0.0200517160861644,31.2584377760939,25.9350468828559,16.7071844848205,52.6561570644757,1.56651418673265,10.9062563329231,0,10.4624897344739
"LL0000027461","LL0000027461","ENSDARG00000091627","si:dkey-271j15.3",-2.25215593282834,0.209910183993522,2.67193880718405e-05,0.000708538092567771,67.7133524792338,70.1504634246213,94.1428835537224,78.8458569642023,10.7430929074291,3.32165753999817,29.3581508968975,9.32919425612241
"LL0000008420","LL0000008420","ENSDARG00000078172","CU984600.1",-2.26485924245899,0.208069983179635,4.27078772445537e-10,3.53345264993478e-08,33.562566450747,30.5690729042149,57.807538507411,56.1306561329388,9.63690767777248,6.32267447299438,3.16054402358831,12.4351496895111
"LL0000027445","LL0000027445","ENSDARG00000100865","si:dkey-269o24.1",-2.26833046592739,0.207569954286347,0.000239152211889202,0.00457040783616828,9.02703800104688,10.4230677612113,4.37081388714571,11.7151824708812,1.39427600444368,2.49685233965383,2.21542957280467,0
"LL0000023742","LL0000023742","ENSDARG00000043196","rnasel2",-2.27307223493579,0.206888844951178,6.91696009232467e-05,0.00160752065620154,5.87442820024743,6.90269388159691,10.0709997399671,13.028004458636,1.02520294444388,1.00679529824751,1.01625209761682,2.93512581184369
"LL0000006519","LL0000006519","ENSDARG00000105547","CR388231.2",-2.30184359419045,0.202803774115136,1.74946634680061e-06,6.38282233366644e-05,16.5171603595355,22.9014534086851,15.5935191827982,17.3669378788793,1.34910569965167,7.85562871457802,1.54583292757101,1.54693275939849
"LL0000025334","LL0000025334","ENSDARG00000077960","si:ch211-186e20.7",-2.30344974626229,0.202578118352564,2.45218283489646e-08,1.45555726815742e-06,23.0962935406395,15.7874470063381,29.9511532266621,17.9385599853527,6.35625825555206,5.57764595229122,1.01625209761682,2.00566930475985
"LL0000004240","LL0000004240","ENSDARG00000116928","CABZ01059408.1",-2.30628260115251,0.202180729202487,2.0869042932525e-06,7.44227712748891e-05,16.2397085199168,8.80537743553106,14.6860705006186,19.7219825188483,1.00709997399671,3.00646256737754,1.02520294444388,5.03397649123756
"LL0000013620","LL0000013620","ENSDARG00000040528","lgals3bpb",-2.31437932065187,0.20104922491007,1.65347547908916e-14,2.54058869469876e-12,90.6126486828485,69.8826671956316,89.2017443740918,58.4878279805234,22.5421467277618,13.2112772690187,5.4691177627354,11.9544613875035
"LL0000005153","LL0000005153","ENSDARG00000099982","ccl39.7",-2.32314306284068,0.199831640579766,4.93137852654752e-10,4.03039018846007e-08,19.6401716161606,23.4691591974295,27.3629062934906,29.0223853170846,4.69542948555298,1.34910569965167,7.11376468331774,3.63955600668617
"LL0000026406","LL0000026406","ENSDARG00000116618","si:ch73-27e22.8",-2.32762053808103,0.199212414619951,0.0001900586850961,0.00378835284177096,9.98921151297468,8.7822701593699,18.7260224016465,4.44131088532548,1.31282198775486,2.7475438911096,1.46992113544137,1.39226537373504
"LL0000026409","LL0000026409","ENSDARG00000089402","si:ch73-281i18.3",-2.32801211242413,0.199158351992068,0.000835590430246992,0.0130099543016279,8.54020777949208,2.49536393092336,10.979923534994,12.3634462624794,2.99794368796962,2.43615442383026,0,0
"LL0000010255","LL0000010255","","fep15",-2.33289530668424,0.198485385873302,7.1534657799695e-10,5.70770152396439e-08,28.455058733271,25.4377570359786,36.2256405681925,35.4995685339269,1.00709997399671,10.0215418912585,6.15121766666329,4.02718119299005
"LL0000002559","LL0000002559","ENSDARG00000096508","BX322618.1",-2.35506936468259,0.195458012947832,1.24837307369879e-10,1.11891678595623e-08,96.2797237282176,83.7684906700188,68.3195999688776,51.8096480770145,20.5851234684927,18.0187323204828,6.79709552166293,6.3931501438717
"LL0000006225","LL0000006225","ENSDARG00000115781","CR339041.3",-2.36184127295076,0.194542696783708,0.000546963136898446,0.00917116801929145,6.85349956695533,1.97219825188483,11.1083127131837,11.3042992533396,1.34301585722148,1.01686325122999,1.3109652059257,1.14469906661904
"LL0000002882","LL0000002882","ENSDARG00000071629","BX511034.1",-2.36439189535199,0.194199057573553,2.0430559473774e-12,2.40096007103723e-10,140.993996359539,213.458842283806,130.200773944373,165.114428912592,18.2925377571028,25.4377570359786,17.6232846007423,45.3605597933511
"LL0000006883","LL0000006883","ENSDARG00000105445","CR769769.2",-2.36871741220234,0.193617678099437,0.000127647247339694,0.00270751579432457,7.32345382297512,11.3598619308566,5.47862385854209,8.36798747920083,1.39427600444368,2.75861911719818,1.01625209761682,0
"LL0000027918","LL0000027918","ENSDARG00000086897","si:dkey-7i4.1",-2.38279203981813,0.191737968922872,5.38297359605824e-12,5.93208102559058e-10,30.3296333890514,33.2884264680687,32.5412711560997,44.3123988558552,3.00646256737754,9.22682649999493,3.02038589474254,8.13001678093456
"LL0000040161","LL0000040161","ENSDARG00000077068","si:ch211-11p18.6",-2.38793682459543,0.191055431201823,7.65151926198755e-06,0.000234329956076974,12.0425778105072,7.48449236590293,8.97326076831067,10.4925543601476,1.03545497388832,3.17140518947966,0,1.85891301416767
"LL0000007765","LL0000007765","ENSDARG00000011701","ctsll",-2.39352432249726,0.190316912510656,7.54198320743524e-07,3.01331926396324e-05,35.2484990898848,98.6620799194398,175.309703499904,109.509124590382,16.2600335618691,10.1946703198037,10.7697850337869,28.59687465233
"LL0000025385","LL0000025385","ENSDARG00000105568","si:ch211-194p6.10",-2.41904472616743,0.186979922988116,1.79686752273149e-09,1.31822134301136e-07,46.6602990456995,33.1960713410929,99.9143653980831,69.0340049911106,6.40835802252538,9.42845726139712,8.76642122962807,13.1124416614371
"LL0000013353","LL0000013353","","klf10",-2.42286142280572,0.186485915267276,0.000857355366357121,0.0132719795313625,10.2520294444388,13.0883388772177,4.06500839046728,5.87025162368737,0,1.97219825188483,0,3.00646256737754
"LL0000010477","LL0000010477","ENSDARG00000112601","FO704673.1",-2.42681931772352,0.185975010246528,2.65526409673805e-05,0.000704811414582325,9.14626887855139,5.93873789263039,20.2080330088511,18.0258920222274,2.01419994799342,3.00646256737754,1.16873135666602,2.01359059649502
"LL0000013591","LL0000013591","ENSDARG00000104654","leap2",-2.44323413466349,0.18387100042589,1.64582362860029e-14,2.54058869469876e-12,47.9744969686873,55.2215510527753,45.3194988298519,59.1270971584251,14.3528412222143,10.0679529824751,3.04875629285046,5.87025162368737
"LL0000002674","LL0000002674","ENSDARG00000110173","BX323861.3",-2.45081943049876,0.182906793996718,0.00016747767881846,0.00340386039739197,18.1277995319407,32.0689340520271,9.22682649999493,14.0951341754652,1.01625209761682,3.91350108245825,4.89535683353952,0.986099125942415
"LL0000003921","LL0000003921","ENSDARG00000031749","C3AR1",-2.46896311329303,0.180620917782026,0.0010616930327474,0.0156598266360642,5.87025162368737,4.89535683353952,8.87489213348174,2.01419994799342,0,1.02520294444388,1.00679529824751,1.01625209761682
"LL0000024952","LL0000024952","ENSDARG00000093323","si:ch211-114l13.1",-2.4769020065396,0.179629722803317,5.89992711697056e-05,0.00140641081780338,7.8270021649165,7.46052381431423,9.90043522446185,4.78372487648436,1.79385599853527,0,0.513465602106231,2.03250419523364
"LL0000022868","LL0000022868","ENSDARG00000058873","ptpdc1b",-2.50890580311578,0.175688808278565,2.37999593561625e-09,1.70655228567427e-07,15.1064996099506,18.0387754042653,27.6804794999848,23.1562918596928,2.03250419523364,1.95675054122912,4.89535683353952,2.95829737782725
"LL0000005152","LL0000005152","ENSDARG00000105089","ccl39.6",-2.52156991266224,0.174153344865605,1.92699347897129e-09,1.40801433847987e-07,23.4223039785126,14.8818847739601,21.5265439193229,31.2603831928578,5.4316757050621,3.7522427766646,2.01359059649502,2.31705478256635
"LL0000006666","LL0000006666","ENSDARG00000094937","CR450833.1",-2.52283012766777,0.174001285820034,0.00229449998454605,0.0289536276542485,4.23860820562203,3.04875629285046,2.67096448877775,5.87442820024743,0.986099125942415,1.00709997399671,0,0
"LL0000027741","LL0000027741","ENSDARG00000070845","si:dkey-56d12.4",-2.5358138571222,0.172442363067408,3.29302701954506e-07,1.43743836896992e-05,29.0624714846496,26.6552765555409,87.5911909475335,51.8288569784578,3.37539468362024,11.7488564004949,4.95021761223092,7.04969981797695
"LL0000008297","LL0000008297","ENSDARG00000104832","CU914164.1",-2.53854621729217,0.172116078768024,0.000578582987267905,0.00959156470076862,11.5378741179165,3.9328956177771,4.32441869611636,6.94161598995904,0,2.3868269383722,0,1.25074759222153
"LL0000011802","LL0000011802","ENSDARG00000045262","gsnb",-2.53910431313062,0.17204950982071,7.68397260185397e-28,5.29780357157055e-25,4017.93881215214,3388.44871899986,3274.76878703753,3172.32829812495,646.762694723111,313.600860902835,556.856996729669,515.25674784805
"LL0000011189","LL0000011189","ENSDARG00000091969","gbgt1l3",-2.54312045805383,0.171571227941603,7.11360286396378e-18,1.64894540869933e-15,269.842367032678,250.728956577396,230.45536988154,253.954046029952,18.0384747326986,36.0237774640282,45.458283556248,40.8047818314971
"LL0000003538","LL0000003538","ENSDARG00000095731","BX890591.1",-2.54506522404779,0.171340104184406,0.000785462481512674,0.0123366242204406,7.17642061110717,4.38962750035915,5.497923848107,2.93512581184369,0,1.05512606475838,0,1.45312357423248
"LL0000002984","LL0000002984","ENSDARG00000092012","BX530407.1",-2.55176162790719,0.17054665593487,0.000890455974728793,0.0136741694485908,53.6796261710816,28.9050930126861,28.0485578942242,30.4176871634067,15.0483269063005,0,4.58230488168502,0.621335597258026
"LL0000008499","LL0000008499","ENSDARG00000007358","cxcr3.1",-2.55565745061217,0.170086736665395,4.28886629045657e-07,1.82185348632049e-05,18.2925377571028,13.6972537886039,9.79071366707904,14.7914868891362,4.02839989598683,1.00215418912585,0,3.02038589474254
"LL0000027550","LL0000027550","ENSDARG00000113192","si:dkey-29p23.2",-2.55887311187946,0.169708048015133,1.08720960692613e-06,4.18956342789263e-05,8.7762822208875,16.8487825649649,21.2256257256855,22.2161478060989,1.37930955859909,4.05484586949111,0,4.16105330850859
"LL0000002922","LL0000002922","ENSDARG00000092062","BX511123.2",-2.56635651777458,0.168830034253237,2.39998822637942e-06,8.41372665177526e-05,7.24892614738209,12.3779505489729,13.0221748518798,11.1124600121347,1.27206787246572,1.15816497009621,3.51756120383173,0
"LL0000004488","LL0000004488","ENSDARG00000110596","CABZ01079179.1",-2.58224548597581,0.166980844269462,3.57231711233554e-06,0.000119028543783879,15.5728327261026,47.8932523376341,56.0971157884485,62.6355848247443,3.96523903516701,4.23036525029296,3.72626990378782,13.609253888329
"LL0000001209","LL0000001209","ENSDARG00000058678","aqp10b",-2.58746045829812,0.16637834097451,0.00143124717790421,0.0198477593433039,5.03397649123756,2.03250419523364,12.7188785179893,17.6232846007423,0.986099125942415,2.01419994799342,0,2.05040588888776
"LL0000006358","LL0000006358","ENSDARG00000104214","CR381540.3",-2.58915295967023,0.166183268246246,1.14490044302071e-05,0.000335906553110511,23.6571140434601,36.1864777135241,93.3145602879307,40.1933599622086,8.31787976974454,15.1422474894361,1.40951341754652,3.23168167042149
"LL0000023641","LL0000023641","ENSDARG00000007080","rhcgl1",-2.58928935352538,0.166167557853849,0.00347942799805681,0.0397782055441112,2.01419994799342,3.00646256737754,9.22682649999493,3.02038589474254,1.01625209761682,0,0.979071366707904,0
"LL0000025379","LL0000025379","ENSDARG00000101528","si:ch211-194h1.2",-2.59749401124466,0.165225239115453,2.30167888411679e-06,8.09017562287797e-05,9.4382479750642,13.6081679380053,9.98036074230738,10.3422312317788,4.08030771888665,0,0,1.81977800334309
"LL0000027185","LL0000027185","ENSDARG00000071103","si:dkey-222p3.1",-2.61109363962293,0.163675054040967,7.49782744332752e-05,0.0017261051551681,10.0215418912585,10.2520294444388,58.3941272983557,43.6988401975233,3.91350108245825,3.91628546683162,3.94439650376966,4.02839989598683
"LL0000038459","LL0000038459","ENSDARG00000033355","zgc:101699",-2.62995558017994,0.161549077764088,0.00167556643028298,0.0225271528719395,3.26777340385264,1.95814273341581,4.93049562971208,8.69127277559159,0,1.02520294444388,1.21822231087949,0
"LL0000040196","LL0000040196","ENSDARG00000094994","si:dkey-106c17.2",-2.65211823783312,0.159086328260977,0.00366015250520514,0.0414216501315071,13.8635775846083,22.9592235493004,2.3271939372241,5.86132184866084,0,4.05980365999777,1.05713506315989,1.04673966054533
"LL0000010725","LL0000010725","ENSDARG00000117607","FP102158.1",-2.6607464579384,0.158137731788073,1.47168893200913e-13,1.96876834292505e-11,39.0840133759081,30.7560883333164,63.4281037895933,58.9426216617756,5.87025162368737,6.85349956695533,6.90269388159691,5.03549986998354
"LL0000005139","LL0000005139","ENSDARG00000103466","ccl35.1",-2.69030667278093,0.154930525507064,0.000157577486766835,0.00325180432975704,9.74577848703592,4.06500839046728,6.77035687265277,5.00305468387739,0.986099125942415,0,2.0043083782517,0
"LL0000031870","LL0000031870","ENSDARG00000043002","vmo1a",-2.69054482783019,0.154904952228858,0.00103456864698171,0.0153439141470994,6.15121766666329,6.04077178948507,3.04875629285046,2.93512581184369,0,0,1.00709997399671,1.00215418912585
"LL0000019636","LL0000019636","ENSDARG00000075826","msh4",-2.6913352842487,0.154820102643694,0.0016480633979927,0.022235211594895,6.85349956695533,5.91659475565449,3.02129992199012,2.0043083782517,0,1.00679529824751,1.01625209761682,0
"LL0000027179","LL0000027179","","si:dkey-222h21.5",-2.6934398280734,0.154594422131369,1.74826604300193e-08,1.07819095482291e-06,12.4929506391929,10.5907046126215,14.0389736375141,14.2706756531521,2.16317821277659,3.20160904842709,1.17885243323551,0
"LL0000025839","LL0000025839","ENSDARG00000091558","si:ch211-251f6.7",-2.7152674716034,0.152273049347141,8.62518404638987e-17,1.82616199860927e-14,52.4627718007382,65.3566877082974,56.6322355264226,78.6883999184704,12.2003396245636,8.3612694716855,1.60734157528614,10.1112837389269
"LL0000027928","LL0000027928","ENSDARG00000096906","si:dkey-7i4.24",-2.72162490774076,0.151603513284545,0.000111084961771896,0.00240884156216492,7.11376468331774,5.87025162368737,3.91628546683162,8.87489213348174,1.00709997399671,2.0043083782517,0,0
"LL0000025833","LL0000025833","ENSDARG00000093761","si:ch211-250k18.7",-2.73619712612973,0.150079920501321,1.20343188472829e-07,5.83046485557819e-06,20.1522790957415,18.6380489052074,12.9139513268773,21.4969609455447,0,6.10311901177642,2.08116197722108,1.00679529824751
"LL0000003440","LL0000003440","ENSDARG00000103309","BX664625.4",-2.75474709681506,0.148162566860338,0.000202686859100716,0.00401328936256197,8.69372096888411,6.53410148562635,2.71339310063691,10.3120753522775,0,1.16359696861205,1.00709997399671,1.01217573101711
"LL0000025558","LL0000025558","ENSDARG00000093024","si:ch211-213a13.2",-2.75954290363652,0.147670862573497,1.77341352499713e-17,3.90863248144655e-15,61.4749209109931,62.4182038356251,41.7277052917111,52.7229930972206,7.13935767182309,9.17468076311001,5.48178341451839,5.8129006949968
"LL0000004720","LL0000004720","ENSDARG00000100939","CABZ01117603.1",-2.76564524349929,0.147047560610956,0.000378425794962466,0.00676112372142575,3.94439650376966,5.03549986998354,5.01077094562924,5.1260147222194,0,1.01625209761682,0,0.979071366707904
"LL0000007170","LL0000007170","ENSDARG00000105282","CR925768.1",-2.78354393711506,0.145234495575114,1.85493341656397e-16,3.66744887044035e-14,89.0377087010489,127.854831448676,76.4698876260691,70.5662824541681,12.0425873567593,14.2060089293234,7.30387239564097,11.2020860707058
"LL0000008081","LL0000008081","ENSDARG00000096317","CU571254.1",-2.80556129901084,0.143034859700999,1.51919241968296e-06,5.61892227962243e-05,13.3276382777705,14.0951341754652,8.13001678093456,8.80537743553106,0,1.97219825188483,2.01419994799342,1.00215418912585
"LL0000018983","LL0000018983","ENSDARG00000051713","mhc1lga",-2.81627717708827,0.141976378334716,0.00090965501958043,0.0138975646713058,3.06065770667244,6.00604989691541,22.0525785996522,6.45208030660509,0,1.00709997399671,2.02435146203421,1.02520294444388
"LL0000025116","LL0000025116","ENSDARG00000097352","si:ch211-147g22.7",-2.81669362388353,0.141935401500846,2.67440807311333e-06,9.19592821968596e-05,8.82558717718462,7.38204280939587,22.8791801377431,15.7061091088803,2.01359059649502,1.01625209761682,2.1230743372336,0.92032708470543
"LL0000038839","LL0000038839","ENSDARG00000095688","zgc:162509",-2.81861448479995,0.141746548875992,3.1384779282312e-15,5.24164801318066e-13,62.4401983877959,50.1077094562924,37.9325089444236,42.2854025263955,8.13001678093456,5.87025162368737,3.91628546683162,4.93049562971208
"LL0000002888","LL0000002888","ENSDARG00000104640","BX511034.7",-2.82818664767681,0.140809185292376,1.38568158577306e-16,2.82269637574634e-14,55.3737414036132,71.8795108644377,59.260190141124,54.7105079716377,3.94439650376966,14.0993996359539,3.00646256737754,8.25288370277324
"LL0000004053","LL0000004053","ENSDARG00000099006","CABZ01029938.1",-2.84263304904428,0.139406230949027,1.41262364837905e-16,2.83462964785554e-14,76.4522652343155,94.4357645616713,79.6411934098312,94.1853945060594,3.11099747158481,16.2905211247976,6.01700791427956,15.0679083336346
"LL0000006224","LL0000006224","ENSDARG00000051711","CR339041.2",-2.86451802730621,0.137307465467265,0.000135117736752598,0.00283399440213775,1.95675054122912,8.175245912011,11.438749860932,10.3529877326862,1.00215418912585,0,1.22829026386196,1.15852739128318
"LL0000008416","LL0000008416","ENSDARG00000096978","CU972512.1",-2.87156835181371,0.13663809280545,2.13009233286225e-09,1.54382891477987e-07,17.1155200702077,18.2925377571028,14.6756290592184,12.7279277672028,0.986099125942415,2.01419994799342,0,4.10081177777552
"LL0000004459","LL0000004459","ENSDARG00000086584","CABZ01077217.2",-2.87823873787625,0.136007796710269,0.000840797994065165,0.0130758919967717,3.91350108245825,2.03646844275244,14.5351011163912,9.30560375972958,0,2.05040588888776,1.00679529824751,0
"LL0000021934","LL0000021934","ENSDARG00000115410","pimr58",-2.87976642263808,0.135863852867096,0.000937066542956613,0.0142274321138116,7.68571022865705,2.20886204211101,11.5413657020023,2.45527776335833,0,1.00679529824751,1.01625209761682,0.322863839302805
"LL0000008479","LL0000008479","","cx55.5",-2.88337962095563,0.135524010547288,2.83583422451267e-18,6.93206786026557e-16,37.0797049976564,33.8316971666481,34.2310401404154,37.6013276118224,2.93512581184369,4.89535683353952,0.986099125942415,7.04969981797695
"LL0000026139","LL0000026139","ENSDARG00000112027","si:ch211-76m11.3",-2.88515000852329,0.13535780572712,2.95252030621886e-22,1.05853758018559e-19,167.254761574711,105.936629099994,111.143553130277,94.3027091967423,12.7637766583263,15.4845116870467,13.0893270173046,14.4506027469771
"LL0000006824","LL0000006824","ENSDARG00000097137","CR753876.1",-2.88972889345199,0.134928882576514,2.54071223724449e-06,8.83793161025447e-05,92.3130608963144,181.461974550459,37.0021527346427,32.6324486523744,9.22988781882101,14.6331626221722,9.24988316563158,7.24818481721824
"LL0000004172","LL0000004172","ENSDARG00000098195","CABZ01051600.1",-2.96114818873437,0.12841198920156,6.20582233653036e-09,4.15095414942699e-07,12.7206787246572,11.611862700182,13.1181983356574,15.0602312538806,4.33928773544678,0,0,1.01823422137622
"LL0000002886","LL0000002886","ENSDARG00000099364","BX511034.5",-3.00154289102995,0.124866390136392,5.67430714006202e-05,0.00136107443968892,53.3105531110818,84.570805052791,54.8776132713083,56.7457656956446,0,1.97219825188483,5.03549986998354,19.0409295933911
"LL0000028565","LL0000028565","ENSDARG00000101021","slc22a5",-3.00769642779289,0.124334930915225,4.97973167183917e-22,1.76184217005373e-19,48.9535683353952,46.3466589192935,63.4472983617926,42.0904759432856,4.10081177777552,4.02718119299005,6.09751258570092,6.84862689430194
"LL0000013330","LL0000013330","ENSDARG00000092460","kifl",-3.00807638145645,0.124302189905612,2.76533068561991e-05,0.000730422169014083,4.89187635307281,4.57226328252591,8.87489213348174,12.0851996879605,0,0.112772323888827,1.43971727649394,1.3109652059257
"LL0000004055","LL0000004055","ENSDARG00000099418","CABZ01030017.1",-3.02916583305174,0.122498345326381,4.63659683901536e-05,0.00114169828209051,32.0689340520271,17.428450055546,129.876593473929,163.616587716308,5.87025162368737,2.93721410012371,11.833189511309,12.0851996879605
"LL0000001026","LL0000001026","ENSDARG00000002722","ankrd2",-3.04046925969498,0.121542328405184,3.57409610010868e-09,2.48973756569488e-07,25.4377570359786,15.6651418673265,14.7914868891362,14.0993996359539,3.00646256737754,1.02520294444388,2.01359059649502,1.01625209761682
"LL0000004050","LL0000004050","ENSDARG00000101693","CABZ01028771.1",-3.13834347384055,0.113570222774281,3.50592407324879e-14,5.09571850841009e-12,88.5460452653536,106.388526926627,299.948303904634,214.476559892475,17.0199895605444,21.2957765189243,10.8363951227718,20.1258380119678
"LL0000007647","LL0000007647","ENSDARG00000092066","CT583708.1",-3.1485369693332,0.112770610037266,6.09615834383149e-08,3.25237304974771e-06,14.9922266693227,9.18581838221717,9.62496305124622,12.4897382797107,0,1.95814273341581,1.97219825188483,0
"LL0000038923","LL0000038923","ENSDARG00000105265","zgc:171534",-3.18306090454453,0.110104023536855,2.36385736665904e-06,8.29787999113512e-05,30.4265878026476,39.1350108245825,6.85349956695533,21.6941807707331,3.19250691756956,3.00646256737754,2.05040588888776,1.00679529824751
"LL0000010763","LL0000010763","ENSDARG00000117541","FP236197.1",-3.18586448004372,0.109890267201698,4.92016068951889e-28,3.48153159948614e-25,101.418003939536,119.323370703823,97.6591439300087,88.8407583736625,5.37128023567395,10.2704586367659,12.1388802403511,9.0236157670105
"LL0000040372","LL0000040372","ENSDARG00000093591","si:ch211-282k23.2",-3.20077898802149,0.108760079185493,1.52823974644572e-17,3.40544741350629e-15,44.1042306699758,65.2906750913511,69.8266816272517,68.3786476632517,7.95005949766818,3.55981784465212,8.95311876883073,1.72370520529646
"LL0000020406","LL0000020406","ENSDARG00000092025","nlrc8",-3.29081477069508,0.102180034233082,0.000458442520453373,0.00795294253707791,24.7268925249589,36.8493010595859,1.43821164780341,16.7323296570381,1.39039976757881,2.62853093213141,2.60560089172721,0
"LL0000026943","LL0000026943","ENSDARG00000097737","si:dkey-188h10.3",-3.31027952900477,0.100810685462075,2.37963480932038e-22,8.7652055325775e-20,38.2582213334055,39.633831807056,42.0701366364262,34.2674978347766,3.94439650376966,3.02129992199012,0,6.15121766666329
"LL0000021409","LL0000021409","","pcdh2g3",-3.3608937860174,0.0973352521273226,2.29601103682676e-14,3.46839554883342e-12,25.6609073374361,29.54350549543,22.28791201221,25.6531441993466,5.02028536222709,1.80021049793079,0,1.38053877631938
"LL0000020742","LL0000020742","ENSDARG00000058672","nuggc.3",-3.39478265209339,0.0950754945106497,2.92192675453893e-05,0.000766783221255992,3.04875629285046,9.05975500589084,5.87442820024743,11.3105569745595,0,0,1.02520294444388,1.00679529824751
"LL0000023111","LL0000023111","ENSDARG00000099506","RAC1",-3.4576575394805,0.0910209503958347,1.92435502236876e-15,3.38195962068454e-13,256.076115962452,316.29129464603,978.84074872636,671.984469976446,26.7372927910964,51.0747254800963,45.5280939732336,43.1757006922206
"LL0000007217","LL0000007217","ENSDARG00000093974","CR933734.2",-3.46446991658972,0.0905921644458037,1.80055955475988e-10,1.56178212477221e-08,25.7840275881188,22.8656721963785,23.7940865813461,11.0732971574664,2.01164221692253,1.00709997399671,0,3.15762506888715
"LL0000039541","LL0000039541","ENSDARG00000092073","znf1165",-3.55613366166063,0.0850153014805838,0.000206717224991733,0.00407632503366534,20.4938068594332,10.8029135501958,6.35157561010513,1.95675054122912,0.548279965356426,0,0,1.91411450123037
"LL0000025771","LL0000025771","","si:ch211-239m17.1",-3.60629903003613,0.0821099558524067,1.73835239943314e-48,4.67425576683578e-45,335.756891392133,271.383229992893,266.603078933149,289.363531069285,12.5950091810764,23.9632244618046,13.7657400575469,30.3610030816121
"LL0000008600","LL0000008600","ENSDARG00000044002","cyp2x7",-3.63011584206453,0.0807655665348149,9.7322959695775e-16,1.80477038845496e-13,354.68946268925,306.951750529701,164.46007695733,114.039421542833,23.4977128009897,21.6941807707331,9.06389976597037,11.0236960803843
"LL0000001831","LL0000001831","ENSDARG00000074111","bcdin3d",-3.67560122059049,0.0782589074420612,1.37502493325132e-16,2.82236988016754e-14,20.5458806829058,18.6023559674502,29.5829737782725,26.1845993239144,1.00215418912585,2.05040588888776,0,3.04875629285046
"LL0000009395","LL0000009395","ENSDARG00000069951","eef1a1l2",-3.71022237462864,0.0764032397790144,1.35760311645571e-54,7.30091803967552e-51,1010.73733089778,1610.19792434619,2146.75125604772,1310.71956628962,102.782912076996,91.3620840185648,98.3533834605185,93.9820198562221
"LL0000028348","LL0000028348","ENSDARG00000090882","si:rp71-36a1.5",-3.72874629043573,0.0754285085281319,2.74182182474605e-29,2.16837785428225e-26,99.7028974256741,81.1744893191937,71.9077345232938,82.0236129482248,2.03250419523364,4.89187635307281,4.89535683353952,8.87489213348174
"LL0000008325","LL0000008325","ENSDARG00000098037","CU927934.3",-3.80680136696867,0.0714559834835411,1.25900608613267e-18,3.19371836320955e-16,79.1936208044354,35.5808420813037,73.9690006993789,51.1063667805275,4.27888001755193,6.24995040034345,1.44799540050955,2.26165485709526
"LL0000028341","LL0000028341","ENSDARG00000043198","si:rp71-1i20.2",-3.84289367398611,0.069690524643389,5.21812341840946e-08,2.82883307656476e-06,12.0815435789701,10.1625209761682,45.0052624482699,24.4767841676976,1.97219825188483,1.00709997399671,1.00215418912585,1.02520294444388
"LL0000008062","LL0000008062","ENSDARG00000112301","CU570881.2",-3.8558877721575,0.0690656527366533,2.33506143727695e-08,1.39527704415422e-06,12.6189626741787,19.5720713136278,19.3865876794338,7.07777094668001,0,0,1.12593207171409,1.81442239173404
"LL0000004082","LL0000004082","ENSDARG00000114210","CABZ01035356.1",-3.90838387935659,0.0665976980050459,7.35412765130534e-24,3.26025688422399e-21,480.4128541064,470.911585252201,645.364682079182,575.595920803847,25.2479963480975,54.6975756424888,7.10465640499609,41.2181995102531
"LL0000008599","LL0000008599","ENSDARG00000079653","cyp2x6",-3.92831262321558,0.0656840719379852,8.87528142402359e-08,4.47743794016079e-06,10.9435237452543,16.4545072583243,7.04756708773258,9.14626887855139,0,0,0.986099125942415,1.00709997399671
"LL0000008323","LL0000008323","ENSDARG00000097054","CU927934.1",-3.96767154248512,0.0639163333000231,9.00075411287214e-14,1.23480243541336e-11,91.3081956591791,27.6304975089065,83.1159608539483,58.2852876395593,2.87056824444287,7.87313923229554,1.61584083521074,1.58496793839559
"LL0000026087","LL0000026087","ENSDARG00000013022","si:ch211-59h6.1",-3.9748868178723,0.0635974699013243,7.18717063900172e-14,9.96164078928439e-12,64.8458785219732,62.0575003976771,28.962256065737,41.889792309977,1.09740687508979,1.12803982835467,2.65139698336546,5.35552037589224
"LL0000026430","LL0000026430","ENSDARG00000103237","si:ch73-299h12.8",-4.09659766030764,0.0584522487862129,1.6830457392274e-25,8.87361115335013e-23,45.0969385106632,49.086716979973,39.265016631653,56.8999549455658,1.95675054122912,2.93721410012371,1.97219825188483,2.01419994799342
"LL0000010040","LL0000010040","ENSDARG00000076862","fam198a",-4.18168979551643,0.0551043569890239,2.90669425197286e-15,4.88488135883113e-13,243.615442383026,241.830627576852,78.8879300753932,128.908796671579,11.0236960803843,8.20162355555105,11.0747482807226,3.04875629285046
"LL0000024864","LL0000024864","ENSDARG00000101556","si:ch1073-475a24.1",-4.2536397187528,0.052423601530551,5.05624408228906e-15,8.14699103607512e-13,21.6941807707331,31.2200991938979,19.0409295933911,26.6552765555409,0,2.03250419523364,0,1.95814273341581
"LL0000003030","LL0000003030","ENSDARG00000071588","BX539307.1",-4.27207095129057,0.0517581208226333,2.03056176013937e-13,2.6896440969649e-11,20.6543978378837,52.61341510886,45.0842934555236,49.8674904300574,0,3.74984333449127,2.96815836908667,0
"LL0000038664","LL0000038664","ENSDARG00000068465","zgc:136254",-4.34007673127718,0.0493749558618434,1.32653200902092e-31,1.2738971139487e-28,48.0946113972836,54.0442865512625,58.1644098380357,65.9502472614444,2.6131626837474,2.33647193967236,4.19902605243731,0
"LL0000024713","LL0000024713","","si:busm1-71b9.3",-4.4344519182097,0.046248426166474,1.39824692672666e-09,1.06508389837828e-07,14.0993996359539,7.29568249683618,15.8598895505468,25.1396785972404,1.01625209761682,0.978375270614562,0,0
"LL0000027005","LL0000027005","ENSDARG00000095454","si:dkey-19a16.13",-4.48272904343443,0.0447264156543739,2.26395929964595e-09,1.6320536624177e-07,30.6843241272054,34.3619235291876,11.5954364338079,12.9047698194061,0,0.986099125942415,1.00709997399671,1.00215418912585
"LL0000026604","LL0000026604","ENSDARG00000112361","si:dkey-102c8.2",-4.50216500488207,0.044127902822378,1.01767157301133e-24,4.88645909405384e-22,28.381006636044,34.3340466094256,32.1369059200606,35.5993109795172,1.19361783014977,0,0.798740292013356,2.4170399375921
"LL0000009670","LL0000009670","ENSDARG00000035309","entpd3",-4.78212779638404,0.0363442817173953,1.56990190956996e-22,6.11783948498936e-20,385.754118482914,383.5925599916,137.972696437549,174.374828907898,8.20162355555105,7.04756708773258,9.14626887855139,9.78375270614562
"LL0000038962","LL0000038962","ENSDARG00000101775","zgc:172014",-5.09365813346413,0.0292857340521766,1.89176236357501e-39,2.99221165848049e-36,81.0671091634145,75.8507447674906,66.9520062713011,65.2302161702015,2.71678780277628,3.02038589474254,0,1.23275284097435
"LL0000030679","LL0000030679","ENSDARG00000079393","tmprss15",-5.11134823709057,0.0289288295330836,3.91942835672551e-20,1.14553814221731e-17,18.1223153684552,25.4063024404205,28.3728828478223,26.4349269011134,0,0,1.00215418912585,1.02520294444388
"LL0000038901","LL0000038901","ENSDARG00000078551","zgc:171242",-5.77096910041432,0.0183132404104772,4.88978739337465e-12,5.45566361910585e-10,58.8715612801463,56.2569551350148,14.4619556265927,26.4769136767049,1.10721917999939,0,1.00608957664065,0
"LL0000040552","LL0000040552","","echdc1",-6.45335657369309,0.0114115883928741,4.69556789059718e-47,1.14781022736607e-43,59.7233533691822,50.2910554230632,76.5395980237498,64.1378681040543,0,1.00679529824751,0,0.978375270614562
"LL0000013087","LL0000013087","ENSDARG00000078001","kbtbd7",-6.55227084862114,0.0106554043483503,1.88813371799988e-54,8.46167125721647e-51,102.80249350433,144.956571513535,118.837796931612,115.247731749473,0,2.01359059649502,0,1.95675054122912
